File Name,File Type,File Size (Bytes),File Path,Predicted Sensitivity
document_499_report.jpg,jpg,88516,C:/Atharva/document_499_report.jpg,Non-Sensitive
agreement_statement_2024_5.docx,docx,971032,C:/Atharva/agreement_statement_2024_5.docx,Sensitive
document_644_report.txt,txt,20473,C:/Atharva/document_644_report.txt,Non-Sensitive
payroll_statement_2025_8.txt,txt,529024,C:/Atharva/payroll_statement_2025_8.txt,Sensitive
insurance_statement_2020_8.txt,txt,788640,C:/Atharva/insurance_statement_2020_8.txt,Sensitive
document_575_report.jpg,jpg,797348,C:/Atharva/document_575_report.jpg,Non-Sensitive
document_997_report.jpg,jpg,139626,C:/Atharva/document_997_report.jpg,Non-Sensitive
tax_statement_2028_11.jpg,jpg,431859,C:/Atharva/tax_statement_2028_11.jpg,Sensitive
aadhar_statement_2021_9.txt,txt,348301,C:/Atharva/aadhar_statement_2021_9.txt,Sensitive
bank_statement_2027_5.xlsx,xlsx,861952,C:/Atharva/bank_statement_2027_5.xlsx,Sensitive
document_290_report.docx,docx,43493,C:/Atharva/document_290_report.docx,Non-Sensitive
document_781_report.docx,docx,72350,C:/Atharva/document_781_report.docx,Non-Sensitive
document_860_report.xlsx,xlsx,466190,C:/Atharva/document_860_report.xlsx,Non-Sensitive
document_575_report.pdf,pdf,544476,C:/Atharva/document_575_report.pdf,Non-Sensitive
contract_statement_2027_1.pdf,pdf,306945,C:/Atharva/contract_statement_2027_1.pdf,Sensitive
insurance_statement_2028_6.txt,txt,763555,C:/Atharva/insurance_statement_2028_6.txt,Sensitive
bank_statement_2023_9.pdf,pdf,803746,C:/Atharva/bank_statement_2023_9.pdf,Sensitive
document_417_report.jpg,jpg,935575,C:/Atharva/document_417_report.jpg,Non-Sensitive
bank_statement_2029_10.jpg,jpg,834041,C:/Atharva/bank_statement_2029_10.jpg,Sensitive
document_447_report.xlsx,xlsx,263855,C:/Atharva/document_447_report.xlsx,Non-Sensitive
document_618_report.pdf,pdf,575983,C:/Atharva/document_618_report.pdf,Non-Sensitive
tax_statement_2021_3.jpg,jpg,639929,C:/Atharva/tax_statement_2021_3.jpg,Sensitive
document_490_report.pdf,pdf,36745,C:/Atharva/document_490_report.pdf,Non-Sensitive
document_794_report.jpg,jpg,684239,C:/Atharva/document_794_report.jpg,Non-Sensitive
contract_statement_2021_6.pdf,pdf,700950,C:/Atharva/contract_statement_2021_6.pdf,Sensitive
document_176_report.docx,docx,864747,C:/Atharva/document_176_report.docx,Non-Sensitive
document_294_report.txt,txt,748698,C:/Atharva/document_294_report.txt,Non-Sensitive
aadhar_statement_2023_11.xlsx,xlsx,517993,C:/Atharva/aadhar_statement_2023_11.xlsx,Sensitive
aadhar_statement_2030_3.txt,txt,334502,C:/Atharva/aadhar_statement_2030_3.txt,Sensitive
document_984_report.txt,txt,586708,C:/Atharva/document_984_report.txt,Non-Sensitive
document_643_report.pdf,pdf,709760,C:/Atharva/document_643_report.pdf,Non-Sensitive
insurance_statement_2024_1.pdf,pdf,396785,C:/Atharva/insurance_statement_2024_1.pdf,Sensitive
document_97_report.jpg,jpg,984656,C:/Atharva/document_97_report.jpg,Non-Sensitive
document_960_report.jpg,jpg,669119,C:/Atharva/document_960_report.jpg,Non-Sensitive
document_666_report.docx,docx,945599,C:/Atharva/document_666_report.docx,Non-Sensitive
document_949_report.xlsx,xlsx,842974,C:/Atharva/document_949_report.xlsx,Non-Sensitive
document_995_report.jpg,jpg,233888,C:/Atharva/document_995_report.jpg,Non-Sensitive
document_515_report.xlsx,xlsx,486694,C:/Atharva/document_515_report.xlsx,Non-Sensitive
insurance_statement_2023_1.xlsx,xlsx,924388,C:/Atharva/insurance_statement_2023_1.xlsx,Sensitive
document_252_report.jpg,jpg,419451,C:/Atharva/document_252_report.jpg,Non-Sensitive
agreement_statement_2027_5.docx,docx,278374,C:/Atharva/agreement_statement_2027_5.docx,Sensitive
document_757_report.xlsx,xlsx,181699,C:/Atharva/document_757_report.xlsx,Non-Sensitive
document_52_report.xlsx,xlsx,42638,C:/Atharva/document_52_report.xlsx,Non-Sensitive
document_674_report.txt,txt,929709,C:/Atharva/document_674_report.txt,Non-Sensitive
document_117_report.docx,docx,254587,C:/Atharva/document_117_report.docx,Non-Sensitive
document_125_report.jpg,jpg,638065,C:/Atharva/document_125_report.jpg,Non-Sensitive
document_275_report.docx,docx,916384,C:/Atharva/document_275_report.docx,Non-Sensitive
document_193_report.docx,docx,903190,C:/Atharva/document_193_report.docx,Non-Sensitive
document_40_report.xlsx,xlsx,973429,C:/Atharva/document_40_report.xlsx,Non-Sensitive
tax_statement_2022_7.jpg,jpg,32218,C:/Atharva/tax_statement_2022_7.jpg,Sensitive
document_302_report.jpg,jpg,612127,C:/Atharva/document_302_report.jpg,Non-Sensitive
tax_statement_2025_9.pdf,pdf,325943,C:/Atharva/tax_statement_2025_9.pdf,Sensitive
document_924_report.xlsx,xlsx,183585,C:/Atharva/document_924_report.xlsx,Non-Sensitive
document_292_report.docx,docx,183011,C:/Atharva/document_292_report.docx,Non-Sensitive
payroll_statement_2023_8.txt,txt,795986,C:/Atharva/payroll_statement_2023_8.txt,Sensitive
document_17_report.docx,docx,630072,C:/Atharva/document_17_report.docx,Non-Sensitive
document_322_report.txt,txt,744463,C:/Atharva/document_322_report.txt,Non-Sensitive
document_776_report.pdf,pdf,454689,C:/Atharva/document_776_report.pdf,Non-Sensitive
contract_statement_2026_12.txt,txt,46533,C:/Atharva/contract_statement_2026_12.txt,Sensitive
document_425_report.xlsx,xlsx,686353,C:/Atharva/document_425_report.xlsx,Non-Sensitive
document_75_report.xlsx,xlsx,946310,C:/Atharva/document_75_report.xlsx,Non-Sensitive
payroll_statement_2028_12.jpg,jpg,896985,C:/Atharva/payroll_statement_2028_12.jpg,Sensitive
document_460_report.xlsx,xlsx,754589,C:/Atharva/document_460_report.xlsx,Non-Sensitive
document_900_report.pdf,pdf,505162,C:/Atharva/document_900_report.pdf,Non-Sensitive
document_48_report.txt,txt,295497,C:/Atharva/document_48_report.txt,Non-Sensitive
aadhar_statement_2020_4.jpg,jpg,422529,C:/Atharva/aadhar_statement_2020_4.jpg,Sensitive
document_206_report.pdf,pdf,318992,C:/Atharva/document_206_report.pdf,Non-Sensitive
document_689_report.jpg,jpg,173063,C:/Atharva/document_689_report.jpg,Non-Sensitive
agreement_statement_2023_5.docx,docx,61713,C:/Atharva/agreement_statement_2023_5.docx,Sensitive
document_603_report.txt,txt,211395,C:/Atharva/document_603_report.txt,Non-Sensitive
contract_statement_2026_11.xlsx,xlsx,785625,C:/Atharva/contract_statement_2026_11.xlsx,Sensitive
tax_statement_2022_3.pdf,pdf,483065,C:/Atharva/tax_statement_2022_3.pdf,Sensitive
document_536_report.pdf,pdf,183430,C:/Atharva/document_536_report.pdf,Non-Sensitive
document_655_report.jpg,jpg,890537,C:/Atharva/document_655_report.jpg,Non-Sensitive
contract_statement_2028_3.jpg,jpg,581467,C:/Atharva/contract_statement_2028_3.jpg,Sensitive
document_791_report.txt,txt,270113,C:/Atharva/document_791_report.txt,Non-Sensitive
document_104_report.txt,txt,817720,C:/Atharva/document_104_report.txt,Non-Sensitive
document_586_report.pdf,pdf,686327,C:/Atharva/document_586_report.pdf,Non-Sensitive
document_980_report.jpg,jpg,627942,C:/Atharva/document_980_report.jpg,Non-Sensitive
aadhar_statement_2028_3.jpg,jpg,533746,C:/Atharva/aadhar_statement_2028_3.jpg,Sensitive
document_248_report.pdf,pdf,537301,C:/Atharva/document_248_report.pdf,Non-Sensitive
document_392_report.jpg,jpg,146114,C:/Atharva/document_392_report.jpg,Non-Sensitive
document_504_report.pdf,pdf,883017,C:/Atharva/document_504_report.pdf,Non-Sensitive
document_484_report.docx,docx,520919,C:/Atharva/document_484_report.docx,Non-Sensitive
bank_statement_2020_2.xlsx,xlsx,28690,C:/Atharva/bank_statement_2020_2.xlsx,Sensitive
aadhar_statement_2029_7.jpg,jpg,416126,C:/Atharva/aadhar_statement_2029_7.jpg,Sensitive
payroll_statement_2020_7.pdf,pdf,186587,C:/Atharva/payroll_statement_2020_7.pdf,Sensitive
document_657_report.txt,txt,81026,C:/Atharva/document_657_report.txt,Non-Sensitive
document_869_report.docx,docx,129706,C:/Atharva/document_869_report.docx,Non-Sensitive
document_254_report.xlsx,xlsx,583382,C:/Atharva/document_254_report.xlsx,Non-Sensitive
document_417_report.xlsx,xlsx,175865,C:/Atharva/document_417_report.xlsx,Non-Sensitive
tax_statement_2020_10.xlsx,xlsx,33200,C:/Atharva/tax_statement_2020_10.xlsx,Sensitive
document_533_report.pdf,pdf,833418,C:/Atharva/document_533_report.pdf,Non-Sensitive
document_794_report.jpg,jpg,449344,C:/Atharva/document_794_report.jpg,Non-Sensitive
document_526_report.txt,txt,980134,C:/Atharva/document_526_report.txt,Non-Sensitive
document_288_report.xlsx,xlsx,654030,C:/Atharva/document_288_report.xlsx,Non-Sensitive
document_348_report.docx,docx,195310,C:/Atharva/document_348_report.docx,Non-Sensitive
tax_statement_2027_8.jpg,jpg,418213,C:/Atharva/tax_statement_2027_8.jpg,Sensitive
document_300_report.pdf,pdf,641398,C:/Atharva/document_300_report.pdf,Non-Sensitive
document_964_report.jpg,jpg,865164,C:/Atharva/document_964_report.jpg,Non-Sensitive
agreement_statement_2025_6.docx,docx,890782,C:/Atharva/agreement_statement_2025_6.docx,Sensitive
document_458_report.pdf,pdf,879551,C:/Atharva/document_458_report.pdf,Non-Sensitive
document_570_report.docx,docx,884851,C:/Atharva/document_570_report.docx,Non-Sensitive
aadhar_statement_2028_7.txt,txt,479753,C:/Atharva/aadhar_statement_2028_7.txt,Sensitive
document_51_report.jpg,jpg,534112,C:/Atharva/document_51_report.jpg,Non-Sensitive
aadhar_statement_2026_1.docx,docx,699955,C:/Atharva/aadhar_statement_2026_1.docx,Sensitive
contract_statement_2025_3.txt,txt,526138,C:/Atharva/contract_statement_2025_3.txt,Sensitive
document_641_report.txt,txt,59642,C:/Atharva/document_641_report.txt,Non-Sensitive
document_648_report.docx,docx,585505,C:/Atharva/document_648_report.docx,Non-Sensitive
document_920_report.docx,docx,51682,C:/Atharva/document_920_report.docx,Non-Sensitive
document_433_report.txt,txt,39010,C:/Atharva/document_433_report.txt,Non-Sensitive
document_337_report.jpg,jpg,815363,C:/Atharva/document_337_report.jpg,Non-Sensitive
document_591_report.pdf,pdf,729921,C:/Atharva/document_591_report.pdf,Non-Sensitive
document_135_report.xlsx,xlsx,652328,C:/Atharva/document_135_report.xlsx,Non-Sensitive
document_701_report.pdf,pdf,354932,C:/Atharva/document_701_report.pdf,Non-Sensitive
agreement_statement_2026_3.jpg,jpg,943768,C:/Atharva/agreement_statement_2026_3.jpg,Sensitive
insurance_statement_2020_10.jpg,jpg,169950,C:/Atharva/insurance_statement_2020_10.jpg,Sensitive
document_283_report.jpg,jpg,603543,C:/Atharva/document_283_report.jpg,Non-Sensitive
document_824_report.pdf,pdf,238251,C:/Atharva/document_824_report.pdf,Non-Sensitive
document_645_report.txt,txt,449025,C:/Atharva/document_645_report.txt,Non-Sensitive
document_518_report.xlsx,xlsx,826030,C:/Atharva/document_518_report.xlsx,Non-Sensitive
aadhar_statement_2022_6.xlsx,xlsx,977912,C:/Atharva/aadhar_statement_2022_6.xlsx,Sensitive
document_254_report.docx,docx,826932,C:/Atharva/document_254_report.docx,Non-Sensitive
document_972_report.txt,txt,999759,C:/Atharva/document_972_report.txt,Non-Sensitive
document_103_report.xlsx,xlsx,861166,C:/Atharva/document_103_report.xlsx,Non-Sensitive
agreement_statement_2027_5.pdf,pdf,257480,C:/Atharva/agreement_statement_2027_5.pdf,Sensitive
document_454_report.docx,docx,811899,C:/Atharva/document_454_report.docx,Non-Sensitive
contract_statement_2023_5.txt,txt,781890,C:/Atharva/contract_statement_2023_5.txt,Sensitive
bank_statement_2024_3.txt,txt,211362,C:/Atharva/bank_statement_2024_3.txt,Sensitive
tax_statement_2022_3.jpg,jpg,856713,C:/Atharva/tax_statement_2022_3.jpg,Sensitive
document_739_report.txt,txt,656778,C:/Atharva/document_739_report.txt,Non-Sensitive
document_572_report.docx,docx,91100,C:/Atharva/document_572_report.docx,Non-Sensitive
document_500_report.pdf,pdf,632953,C:/Atharva/document_500_report.pdf,Non-Sensitive
bank_statement_2025_1.txt,txt,915929,C:/Atharva/bank_statement_2025_1.txt,Sensitive
document_970_report.txt,txt,757215,C:/Atharva/document_970_report.txt,Non-Sensitive
document_64_report.xlsx,xlsx,509780,C:/Atharva/document_64_report.xlsx,Non-Sensitive
insurance_statement_2029_6.xlsx,xlsx,654360,C:/Atharva/insurance_statement_2029_6.xlsx,Sensitive
bank_statement_2028_1.jpg,jpg,260349,C:/Atharva/bank_statement_2028_1.jpg,Sensitive
payroll_statement_2025_1.txt,txt,889201,C:/Atharva/payroll_statement_2025_1.txt,Sensitive
aadhar_statement_2030_8.pdf,pdf,482986,C:/Atharva/aadhar_statement_2030_8.pdf,Sensitive
document_603_report.xlsx,xlsx,863014,C:/Atharva/document_603_report.xlsx,Non-Sensitive
document_768_report.txt,txt,379880,C:/Atharva/document_768_report.txt,Non-Sensitive
document_756_report.xlsx,xlsx,206130,C:/Atharva/document_756_report.xlsx,Non-Sensitive
document_158_report.pdf,pdf,794181,C:/Atharva/document_158_report.pdf,Non-Sensitive
agreement_statement_2029_8.jpg,jpg,948157,C:/Atharva/agreement_statement_2029_8.jpg,Sensitive
document_612_report.jpg,jpg,721658,C:/Atharva/document_612_report.jpg,Non-Sensitive
document_789_report.xlsx,xlsx,796088,C:/Atharva/document_789_report.xlsx,Non-Sensitive
document_467_report.pdf,pdf,69294,C:/Atharva/document_467_report.pdf,Non-Sensitive
document_938_report.txt,txt,679603,C:/Atharva/document_938_report.txt,Non-Sensitive
document_807_report.jpg,jpg,638474,C:/Atharva/document_807_report.jpg,Non-Sensitive
document_838_report.jpg,jpg,991220,C:/Atharva/document_838_report.jpg,Non-Sensitive
document_32_report.jpg,jpg,437937,C:/Atharva/document_32_report.jpg,Non-Sensitive
document_401_report.docx,docx,607950,C:/Atharva/document_401_report.docx,Non-Sensitive
payroll_statement_2030_6.docx,docx,278962,C:/Atharva/payroll_statement_2030_6.docx,Sensitive
bank_statement_2020_12.docx,docx,887654,C:/Atharva/bank_statement_2020_12.docx,Sensitive
document_264_report.docx,docx,191884,C:/Atharva/document_264_report.docx,Non-Sensitive
document_317_report.pdf,pdf,354201,C:/Atharva/document_317_report.pdf,Non-Sensitive
agreement_statement_2028_7.xlsx,xlsx,395898,C:/Atharva/agreement_statement_2028_7.xlsx,Sensitive
document_644_report.pdf,pdf,397629,C:/Atharva/document_644_report.pdf,Non-Sensitive
document_792_report.pdf,pdf,482027,C:/Atharva/document_792_report.pdf,Non-Sensitive
bank_statement_2029_12.jpg,jpg,267581,C:/Atharva/bank_statement_2029_12.jpg,Sensitive
document_616_report.pdf,pdf,264131,C:/Atharva/document_616_report.pdf,Non-Sensitive
payroll_statement_2026_4.txt,txt,311510,C:/Atharva/payroll_statement_2026_4.txt,Sensitive
document_864_report.xlsx,xlsx,589421,C:/Atharva/document_864_report.xlsx,Non-Sensitive
document_528_report.jpg,jpg,818677,C:/Atharva/document_528_report.jpg,Non-Sensitive
document_756_report.docx,docx,116277,C:/Atharva/document_756_report.docx,Non-Sensitive
tax_statement_2024_1.jpg,jpg,14113,C:/Atharva/tax_statement_2024_1.jpg,Sensitive
document_135_report.pdf,pdf,126530,C:/Atharva/document_135_report.pdf,Non-Sensitive
document_599_report.docx,docx,469251,C:/Atharva/document_599_report.docx,Non-Sensitive
document_684_report.txt,txt,516582,C:/Atharva/document_684_report.txt,Non-Sensitive
document_635_report.docx,docx,54112,C:/Atharva/document_635_report.docx,Non-Sensitive
document_938_report.pdf,pdf,780900,C:/Atharva/document_938_report.pdf,Non-Sensitive
document_148_report.pdf,pdf,862758,C:/Atharva/document_148_report.pdf,Non-Sensitive
document_311_report.jpg,jpg,485882,C:/Atharva/document_311_report.jpg,Non-Sensitive
insurance_statement_2023_2.jpg,jpg,563413,C:/Atharva/insurance_statement_2023_2.jpg,Sensitive
bank_statement_2022_2.xlsx,xlsx,775055,C:/Atharva/bank_statement_2022_2.xlsx,Sensitive
document_245_report.pdf,pdf,541710,C:/Atharva/document_245_report.pdf,Non-Sensitive
document_184_report.docx,docx,568563,C:/Atharva/document_184_report.docx,Non-Sensitive
document_288_report.txt,txt,654926,C:/Atharva/document_288_report.txt,Non-Sensitive
document_379_report.txt,txt,895055,C:/Atharva/document_379_report.txt,Non-Sensitive
document_458_report.xlsx,xlsx,788892,C:/Atharva/document_458_report.xlsx,Non-Sensitive
document_113_report.jpg,jpg,673138,C:/Atharva/document_113_report.jpg,Non-Sensitive
document_292_report.jpg,jpg,292362,C:/Atharva/document_292_report.jpg,Non-Sensitive
document_980_report.txt,txt,864484,C:/Atharva/document_980_report.txt,Non-Sensitive
tax_statement_2021_3.xlsx,xlsx,311749,C:/Atharva/tax_statement_2021_3.xlsx,Sensitive
tax_statement_2027_7.docx,docx,54233,C:/Atharva/tax_statement_2027_7.docx,Sensitive
document_243_report.pdf,pdf,186296,C:/Atharva/document_243_report.pdf,Non-Sensitive
bank_statement_2020_8.jpg,jpg,203789,C:/Atharva/bank_statement_2020_8.jpg,Sensitive
document_66_report.txt,txt,267620,C:/Atharva/document_66_report.txt,Non-Sensitive
payroll_statement_2028_11.jpg,jpg,456729,C:/Atharva/payroll_statement_2028_11.jpg,Sensitive
payroll_statement_2030_7.xlsx,xlsx,174620,C:/Atharva/payroll_statement_2030_7.xlsx,Sensitive
document_904_report.txt,txt,310143,C:/Atharva/document_904_report.txt,Non-Sensitive
document_306_report.docx,docx,897830,C:/Atharva/document_306_report.docx,Non-Sensitive
document_866_report.xlsx,xlsx,802939,C:/Atharva/document_866_report.xlsx,Non-Sensitive
contract_statement_2021_8.txt,txt,709402,C:/Atharva/contract_statement_2021_8.txt,Sensitive
document_749_report.xlsx,xlsx,328982,C:/Atharva/document_749_report.xlsx,Non-Sensitive
document_834_report.jpg,jpg,573431,C:/Atharva/document_834_report.jpg,Non-Sensitive
document_110_report.jpg,jpg,725855,C:/Atharva/document_110_report.jpg,Non-Sensitive
document_249_report.xlsx,xlsx,638676,C:/Atharva/document_249_report.xlsx,Non-Sensitive
payroll_statement_2028_8.docx,docx,220833,C:/Atharva/payroll_statement_2028_8.docx,Sensitive
tax_statement_2026_11.xlsx,xlsx,120148,C:/Atharva/tax_statement_2026_11.xlsx,Sensitive
document_681_report.pdf,pdf,606032,C:/Atharva/document_681_report.pdf,Non-Sensitive
document_142_report.txt,txt,31712,C:/Atharva/document_142_report.txt,Non-Sensitive
document_133_report.txt,txt,181510,C:/Atharva/document_133_report.txt,Non-Sensitive
document_886_report.pdf,pdf,62617,C:/Atharva/document_886_report.pdf,Non-Sensitive
document_794_report.xlsx,xlsx,365546,C:/Atharva/document_794_report.xlsx,Non-Sensitive
document_70_report.txt,txt,425598,C:/Atharva/document_70_report.txt,Non-Sensitive
document_328_report.txt,txt,740064,C:/Atharva/document_328_report.txt,Non-Sensitive
document_227_report.xlsx,xlsx,554865,C:/Atharva/document_227_report.xlsx,Non-Sensitive
document_517_report.docx,docx,358618,C:/Atharva/document_517_report.docx,Non-Sensitive
document_551_report.jpg,jpg,935390,C:/Atharva/document_551_report.jpg,Non-Sensitive
document_352_report.pdf,pdf,756804,C:/Atharva/document_352_report.pdf,Non-Sensitive
document_169_report.txt,txt,572957,C:/Atharva/document_169_report.txt,Non-Sensitive
document_997_report.pdf,pdf,461465,C:/Atharva/document_997_report.pdf,Non-Sensitive
document_197_report.docx,docx,860575,C:/Atharva/document_197_report.docx,Non-Sensitive
document_115_report.docx,docx,918852,C:/Atharva/document_115_report.docx,Non-Sensitive
document_206_report.docx,docx,857705,C:/Atharva/document_206_report.docx,Non-Sensitive
document_195_report.docx,docx,299779,C:/Atharva/document_195_report.docx,Non-Sensitive
document_512_report.docx,docx,678374,C:/Atharva/document_512_report.docx,Non-Sensitive
document_131_report.txt,txt,436670,C:/Atharva/document_131_report.txt,Non-Sensitive
document_179_report.jpg,jpg,709090,C:/Atharva/document_179_report.jpg,Non-Sensitive
document_493_report.xlsx,xlsx,808636,C:/Atharva/document_493_report.xlsx,Non-Sensitive
document_3_report.jpg,jpg,371186,C:/Atharva/document_3_report.jpg,Non-Sensitive
payroll_statement_2023_2.jpg,jpg,834615,C:/Atharva/payroll_statement_2023_2.jpg,Sensitive
document_694_report.xlsx,xlsx,505677,C:/Atharva/document_694_report.xlsx,Non-Sensitive
tax_statement_2024_3.docx,docx,825311,C:/Atharva/tax_statement_2024_3.docx,Sensitive
payroll_statement_2023_7.pdf,pdf,128641,C:/Atharva/payroll_statement_2023_7.pdf,Sensitive
contract_statement_2028_11.jpg,jpg,650888,C:/Atharva/contract_statement_2028_11.jpg,Sensitive
document_513_report.docx,docx,729391,C:/Atharva/document_513_report.docx,Non-Sensitive
document_129_report.txt,txt,272076,C:/Atharva/document_129_report.txt,Non-Sensitive
aadhar_statement_2020_1.jpg,jpg,378585,C:/Atharva/aadhar_statement_2020_1.jpg,Sensitive
document_662_report.xlsx,xlsx,227039,C:/Atharva/document_662_report.xlsx,Non-Sensitive
document_362_report.pdf,pdf,621781,C:/Atharva/document_362_report.pdf,Non-Sensitive
document_591_report.pdf,pdf,272368,C:/Atharva/document_591_report.pdf,Non-Sensitive
bank_statement_2030_1.docx,docx,750814,C:/Atharva/bank_statement_2030_1.docx,Sensitive
document_615_report.xlsx,xlsx,663081,C:/Atharva/document_615_report.xlsx,Non-Sensitive
document_594_report.pdf,pdf,716979,C:/Atharva/document_594_report.pdf,Non-Sensitive
agreement_statement_2027_6.docx,docx,743374,C:/Atharva/agreement_statement_2027_6.docx,Sensitive
document_698_report.pdf,pdf,983009,C:/Atharva/document_698_report.pdf,Non-Sensitive
document_467_report.txt,txt,507363,C:/Atharva/document_467_report.txt,Non-Sensitive
document_419_report.jpg,jpg,317529,C:/Atharva/document_419_report.jpg,Non-Sensitive
document_658_report.jpg,jpg,395607,C:/Atharva/document_658_report.jpg,Non-Sensitive
tax_statement_2023_5.pdf,pdf,138879,C:/Atharva/tax_statement_2023_5.pdf,Sensitive
document_715_report.docx,docx,714591,C:/Atharva/document_715_report.docx,Non-Sensitive
document_536_report.pdf,pdf,434985,C:/Atharva/document_536_report.pdf,Non-Sensitive
document_188_report.pdf,pdf,968466,C:/Atharva/document_188_report.pdf,Non-Sensitive
tax_statement_2022_9.txt,txt,424707,C:/Atharva/tax_statement_2022_9.txt,Sensitive
document_733_report.pdf,pdf,96782,C:/Atharva/document_733_report.pdf,Non-Sensitive
agreement_statement_2023_6.pdf,pdf,287765,C:/Atharva/agreement_statement_2023_6.pdf,Sensitive
document_46_report.xlsx,xlsx,624793,C:/Atharva/document_46_report.xlsx,Non-Sensitive
document_603_report.jpg,jpg,573968,C:/Atharva/document_603_report.jpg,Non-Sensitive
document_975_report.xlsx,xlsx,858757,C:/Atharva/document_975_report.xlsx,Non-Sensitive
document_800_report.xlsx,xlsx,820844,C:/Atharva/document_800_report.xlsx,Non-Sensitive
document_958_report.docx,docx,606372,C:/Atharva/document_958_report.docx,Non-Sensitive
document_897_report.docx,docx,943903,C:/Atharva/document_897_report.docx,Non-Sensitive
document_26_report.pdf,pdf,653357,C:/Atharva/document_26_report.pdf,Non-Sensitive
document_568_report.pdf,pdf,331705,C:/Atharva/document_568_report.pdf,Non-Sensitive
contract_statement_2020_10.xlsx,xlsx,315265,C:/Atharva/contract_statement_2020_10.xlsx,Sensitive
document_440_report.txt,txt,621145,C:/Atharva/document_440_report.txt,Non-Sensitive
document_36_report.xlsx,xlsx,885504,C:/Atharva/document_36_report.xlsx,Non-Sensitive
document_494_report.jpg,jpg,184325,C:/Atharva/document_494_report.jpg,Non-Sensitive
document_32_report.xlsx,xlsx,498879,C:/Atharva/document_32_report.xlsx,Non-Sensitive
payroll_statement_2030_1.docx,docx,371935,C:/Atharva/payroll_statement_2030_1.docx,Sensitive
document_121_report.docx,docx,582399,C:/Atharva/document_121_report.docx,Non-Sensitive
document_768_report.jpg,jpg,685111,C:/Atharva/document_768_report.jpg,Non-Sensitive
bank_statement_2026_5.jpg,jpg,882035,C:/Atharva/bank_statement_2026_5.jpg,Sensitive
document_261_report.xlsx,xlsx,606702,C:/Atharva/document_261_report.xlsx,Non-Sensitive
document_768_report.txt,txt,30515,C:/Atharva/document_768_report.txt,Non-Sensitive
agreement_statement_2030_8.docx,docx,527922,C:/Atharva/agreement_statement_2030_8.docx,Sensitive
bank_statement_2029_7.pdf,pdf,295418,C:/Atharva/bank_statement_2029_7.pdf,Sensitive
document_64_report.jpg,jpg,803474,C:/Atharva/document_64_report.jpg,Non-Sensitive
insurance_statement_2030_11.txt,txt,297322,C:/Atharva/insurance_statement_2030_11.txt,Sensitive
document_259_report.docx,docx,344948,C:/Atharva/document_259_report.docx,Non-Sensitive
tax_statement_2024_1.xlsx,xlsx,79574,C:/Atharva/tax_statement_2024_1.xlsx,Sensitive
document_964_report.xlsx,xlsx,572392,C:/Atharva/document_964_report.xlsx,Non-Sensitive
contract_statement_2025_5.xlsx,xlsx,661191,C:/Atharva/contract_statement_2025_5.xlsx,Sensitive
agreement_statement_2027_4.jpg,jpg,474080,C:/Atharva/agreement_statement_2027_4.jpg,Sensitive
document_354_report.pdf,pdf,425935,C:/Atharva/document_354_report.pdf,Non-Sensitive
agreement_statement_2022_4.txt,txt,194810,C:/Atharva/agreement_statement_2022_4.txt,Sensitive
document_525_report.txt,txt,423722,C:/Atharva/document_525_report.txt,Non-Sensitive
document_366_report.xlsx,xlsx,641497,C:/Atharva/document_366_report.xlsx,Non-Sensitive
document_312_report.docx,docx,323587,C:/Atharva/document_312_report.docx,Non-Sensitive
bank_statement_2026_11.txt,txt,459073,C:/Atharva/bank_statement_2026_11.txt,Sensitive
document_401_report.txt,txt,818279,C:/Atharva/document_401_report.txt,Non-Sensitive
tax_statement_2029_3.txt,txt,291070,C:/Atharva/tax_statement_2029_3.txt,Sensitive
aadhar_statement_2028_1.xlsx,xlsx,536132,C:/Atharva/aadhar_statement_2028_1.xlsx,Sensitive
payroll_statement_2023_8.pdf,pdf,591204,C:/Atharva/payroll_statement_2023_8.pdf,Sensitive
document_234_report.jpg,jpg,518016,C:/Atharva/document_234_report.jpg,Non-Sensitive
tax_statement_2022_7.xlsx,xlsx,935572,C:/Atharva/tax_statement_2022_7.xlsx,Sensitive
document_947_report.txt,txt,21965,C:/Atharva/document_947_report.txt,Non-Sensitive
document_454_report.jpg,jpg,705813,C:/Atharva/document_454_report.jpg,Non-Sensitive
document_408_report.txt,txt,602780,C:/Atharva/document_408_report.txt,Non-Sensitive
document_576_report.jpg,jpg,343626,C:/Atharva/document_576_report.jpg,Non-Sensitive
contract_statement_2023_12.pdf,pdf,387918,C:/Atharva/contract_statement_2023_12.pdf,Sensitive
document_87_report.jpg,jpg,220779,C:/Atharva/document_87_report.jpg,Non-Sensitive
document_927_report.docx,docx,327172,C:/Atharva/document_927_report.docx,Non-Sensitive
document_797_report.xlsx,xlsx,678261,C:/Atharva/document_797_report.xlsx,Non-Sensitive
agreement_statement_2020_2.txt,txt,847292,C:/Atharva/agreement_statement_2020_2.txt,Sensitive
aadhar_statement_2026_2.docx,docx,422185,C:/Atharva/aadhar_statement_2026_2.docx,Sensitive
document_213_report.xlsx,xlsx,260070,C:/Atharva/document_213_report.xlsx,Non-Sensitive
document_317_report.jpg,jpg,175882,C:/Atharva/document_317_report.jpg,Non-Sensitive
document_329_report.pdf,pdf,719324,C:/Atharva/document_329_report.pdf,Non-Sensitive
document_545_report.txt,txt,849781,C:/Atharva/document_545_report.txt,Non-Sensitive
document_713_report.pdf,pdf,577646,C:/Atharva/document_713_report.pdf,Non-Sensitive
aadhar_statement_2024_1.txt,txt,369227,C:/Atharva/aadhar_statement_2024_1.txt,Sensitive
document_625_report.pdf,pdf,804533,C:/Atharva/document_625_report.pdf,Non-Sensitive
insurance_statement_2029_6.pdf,pdf,415773,C:/Atharva/insurance_statement_2029_6.pdf,Sensitive
agreement_statement_2023_3.txt,txt,804487,C:/Atharva/agreement_statement_2023_3.txt,Sensitive
document_481_report.docx,docx,673159,C:/Atharva/document_481_report.docx,Non-Sensitive
document_255_report.docx,docx,536423,C:/Atharva/document_255_report.docx,Non-Sensitive
document_245_report.docx,docx,697775,C:/Atharva/document_245_report.docx,Non-Sensitive
document_166_report.xlsx,xlsx,386143,C:/Atharva/document_166_report.xlsx,Non-Sensitive
insurance_statement_2030_11.docx,docx,793839,C:/Atharva/insurance_statement_2030_11.docx,Sensitive
document_368_report.docx,docx,284570,C:/Atharva/document_368_report.docx,Non-Sensitive
document_488_report.txt,txt,995326,C:/Atharva/document_488_report.txt,Non-Sensitive
agreement_statement_2026_9.jpg,jpg,119942,C:/Atharva/agreement_statement_2026_9.jpg,Sensitive
tax_statement_2025_12.docx,docx,82452,C:/Atharva/tax_statement_2025_12.docx,Sensitive
document_958_report.pdf,pdf,718286,C:/Atharva/document_958_report.pdf,Non-Sensitive
document_171_report.xlsx,xlsx,527930,C:/Atharva/document_171_report.xlsx,Non-Sensitive
document_31_report.txt,txt,12555,C:/Atharva/document_31_report.txt,Non-Sensitive
agreement_statement_2023_12.txt,txt,535463,C:/Atharva/agreement_statement_2023_12.txt,Sensitive
insurance_statement_2022_5.pdf,pdf,964742,C:/Atharva/insurance_statement_2022_5.pdf,Sensitive
document_97_report.xlsx,xlsx,452363,C:/Atharva/document_97_report.xlsx,Non-Sensitive
document_172_report.txt,txt,893484,C:/Atharva/document_172_report.txt,Non-Sensitive
document_104_report.docx,docx,587419,C:/Atharva/document_104_report.docx,Non-Sensitive
document_328_report.txt,txt,129170,C:/Atharva/document_328_report.txt,Non-Sensitive
document_802_report.docx,docx,522066,C:/Atharva/document_802_report.docx,Non-Sensitive
document_106_report.jpg,jpg,314927,C:/Atharva/document_106_report.jpg,Non-Sensitive
document_450_report.xlsx,xlsx,519917,C:/Atharva/document_450_report.xlsx,Non-Sensitive
bank_statement_2020_3.txt,txt,967728,C:/Atharva/bank_statement_2020_3.txt,Sensitive
document_107_report.docx,docx,358335,C:/Atharva/document_107_report.docx,Non-Sensitive
document_445_report.txt,txt,704191,C:/Atharva/document_445_report.txt,Non-Sensitive
document_344_report.xlsx,xlsx,887306,C:/Atharva/document_344_report.xlsx,Non-Sensitive
document_54_report.xlsx,xlsx,229024,C:/Atharva/document_54_report.xlsx,Non-Sensitive
document_961_report.docx,docx,889507,C:/Atharva/document_961_report.docx,Non-Sensitive
aadhar_statement_2020_1.txt,txt,588267,C:/Atharva/aadhar_statement_2020_1.txt,Sensitive
aadhar_statement_2030_6.txt,txt,679438,C:/Atharva/aadhar_statement_2030_6.txt,Sensitive
document_427_report.docx,docx,159957,C:/Atharva/document_427_report.docx,Non-Sensitive
document_850_report.xlsx,xlsx,804627,C:/Atharva/document_850_report.xlsx,Non-Sensitive
document_910_report.jpg,jpg,381860,C:/Atharva/document_910_report.jpg,Non-Sensitive
insurance_statement_2028_6.jpg,jpg,732435,C:/Atharva/insurance_statement_2028_6.jpg,Sensitive
document_708_report.docx,docx,16842,C:/Atharva/document_708_report.docx,Non-Sensitive
document_853_report.jpg,jpg,496666,C:/Atharva/document_853_report.jpg,Non-Sensitive
document_519_report.docx,docx,695370,C:/Atharva/document_519_report.docx,Non-Sensitive
document_346_report.pdf,pdf,178300,C:/Atharva/document_346_report.pdf,Non-Sensitive
document_58_report.xlsx,xlsx,599209,C:/Atharva/document_58_report.xlsx,Non-Sensitive
document_1_report.txt,txt,471061,C:/Atharva/document_1_report.txt,Non-Sensitive
bank_statement_2024_10.xlsx,xlsx,285507,C:/Atharva/bank_statement_2024_10.xlsx,Sensitive
insurance_statement_2029_6.docx,docx,127153,C:/Atharva/insurance_statement_2029_6.docx,Sensitive
bank_statement_2021_9.pdf,pdf,355388,C:/Atharva/bank_statement_2021_9.pdf,Sensitive
contract_statement_2029_5.pdf,pdf,960125,C:/Atharva/contract_statement_2029_5.pdf,Sensitive
document_876_report.pdf,pdf,463727,C:/Atharva/document_876_report.pdf,Non-Sensitive
contract_statement_2021_12.pdf,pdf,402357,C:/Atharva/contract_statement_2021_12.pdf,Sensitive
document_625_report.txt,txt,862588,C:/Atharva/document_625_report.txt,Non-Sensitive
document_11_report.xlsx,xlsx,742918,C:/Atharva/document_11_report.xlsx,Non-Sensitive
document_398_report.jpg,jpg,993189,C:/Atharva/document_398_report.jpg,Non-Sensitive
document_43_report.docx,docx,672329,C:/Atharva/document_43_report.docx,Non-Sensitive
document_989_report.xlsx,xlsx,40429,C:/Atharva/document_989_report.xlsx,Non-Sensitive
document_525_report.txt,txt,872078,C:/Atharva/document_525_report.txt,Non-Sensitive
document_253_report.docx,docx,228781,C:/Atharva/document_253_report.docx,Non-Sensitive
document_560_report.xlsx,xlsx,539232,C:/Atharva/document_560_report.xlsx,Non-Sensitive
document_666_report.docx,docx,747338,C:/Atharva/document_666_report.docx,Non-Sensitive
document_452_report.xlsx,xlsx,381337,C:/Atharva/document_452_report.xlsx,Non-Sensitive
document_750_report.txt,txt,120927,C:/Atharva/document_750_report.txt,Non-Sensitive
document_772_report.xlsx,xlsx,172107,C:/Atharva/document_772_report.xlsx,Non-Sensitive
document_21_report.docx,docx,538752,C:/Atharva/document_21_report.docx,Non-Sensitive
document_74_report.jpg,jpg,574601,C:/Atharva/document_74_report.jpg,Non-Sensitive
contract_statement_2030_2.jpg,jpg,443676,C:/Atharva/contract_statement_2030_2.jpg,Sensitive
document_382_report.pdf,pdf,700700,C:/Atharva/document_382_report.pdf,Non-Sensitive
document_988_report.txt,txt,976926,C:/Atharva/document_988_report.txt,Non-Sensitive
document_335_report.docx,docx,617515,C:/Atharva/document_335_report.docx,Non-Sensitive
document_517_report.pdf,pdf,921877,C:/Atharva/document_517_report.pdf,Non-Sensitive
bank_statement_2022_11.txt,txt,953478,C:/Atharva/bank_statement_2022_11.txt,Sensitive
document_919_report.xlsx,xlsx,380225,C:/Atharva/document_919_report.xlsx,Non-Sensitive
document_140_report.xlsx,xlsx,772509,C:/Atharva/document_140_report.xlsx,Non-Sensitive
document_331_report.pdf,pdf,476746,C:/Atharva/document_331_report.pdf,Non-Sensitive
payroll_statement_2021_2.txt,txt,935198,C:/Atharva/payroll_statement_2021_2.txt,Sensitive
document_402_report.docx,docx,73825,C:/Atharva/document_402_report.docx,Non-Sensitive
document_819_report.jpg,jpg,645775,C:/Atharva/document_819_report.jpg,Non-Sensitive
document_65_report.jpg,jpg,426401,C:/Atharva/document_65_report.jpg,Non-Sensitive
document_989_report.xlsx,xlsx,590343,C:/Atharva/document_989_report.xlsx,Non-Sensitive
document_571_report.txt,txt,778381,C:/Atharva/document_571_report.txt,Non-Sensitive
bank_statement_2027_2.jpg,jpg,42162,C:/Atharva/bank_statement_2027_2.jpg,Sensitive
document_423_report.docx,docx,458381,C:/Atharva/document_423_report.docx,Non-Sensitive
document_924_report.txt,txt,397130,C:/Atharva/document_924_report.txt,Non-Sensitive
document_738_report.jpg,jpg,23528,C:/Atharva/document_738_report.jpg,Non-Sensitive
document_404_report.docx,docx,683527,C:/Atharva/document_404_report.docx,Non-Sensitive
insurance_statement_2029_11.jpg,jpg,523385,C:/Atharva/insurance_statement_2029_11.jpg,Sensitive
document_59_report.xlsx,xlsx,867028,C:/Atharva/document_59_report.xlsx,Non-Sensitive
document_319_report.txt,txt,604342,C:/Atharva/document_319_report.txt,Non-Sensitive
document_333_report.jpg,jpg,230854,C:/Atharva/document_333_report.jpg,Non-Sensitive
document_757_report.xlsx,xlsx,236234,C:/Atharva/document_757_report.xlsx,Non-Sensitive
document_14_report.txt,txt,901139,C:/Atharva/document_14_report.txt,Non-Sensitive
contract_statement_2020_5.docx,docx,325468,C:/Atharva/contract_statement_2020_5.docx,Sensitive
bank_statement_2024_8.xlsx,xlsx,949714,C:/Atharva/bank_statement_2024_8.xlsx,Sensitive
bank_statement_2020_3.txt,txt,612775,C:/Atharva/bank_statement_2020_3.txt,Sensitive
agreement_statement_2027_11.docx,docx,432575,C:/Atharva/agreement_statement_2027_11.docx,Sensitive
document_428_report.pdf,pdf,318315,C:/Atharva/document_428_report.pdf,Non-Sensitive
agreement_statement_2027_10.pdf,pdf,155283,C:/Atharva/agreement_statement_2027_10.pdf,Sensitive
document_731_report.jpg,jpg,348780,C:/Atharva/document_731_report.jpg,Non-Sensitive
document_454_report.txt,txt,570017,C:/Atharva/document_454_report.txt,Non-Sensitive
document_460_report.jpg,jpg,614366,C:/Atharva/document_460_report.jpg,Non-Sensitive
document_445_report.jpg,jpg,38728,C:/Atharva/document_445_report.jpg,Non-Sensitive
document_711_report.docx,docx,261949,C:/Atharva/document_711_report.docx,Non-Sensitive
payroll_statement_2030_3.txt,txt,11881,C:/Atharva/payroll_statement_2030_3.txt,Sensitive
contract_statement_2020_5.jpg,jpg,844209,C:/Atharva/contract_statement_2020_5.jpg,Sensitive
bank_statement_2029_9.docx,docx,801050,C:/Atharva/bank_statement_2029_9.docx,Sensitive
document_827_report.txt,txt,683729,C:/Atharva/document_827_report.txt,Non-Sensitive
insurance_statement_2024_6.jpg,jpg,543895,C:/Atharva/insurance_statement_2024_6.jpg,Sensitive
document_727_report.docx,docx,838862,C:/Atharva/document_727_report.docx,Non-Sensitive
document_935_report.txt,txt,505747,C:/Atharva/document_935_report.txt,Non-Sensitive
document_509_report.docx,docx,391797,C:/Atharva/document_509_report.docx,Non-Sensitive
document_385_report.jpg,jpg,205214,C:/Atharva/document_385_report.jpg,Non-Sensitive
document_393_report.pdf,pdf,724106,C:/Atharva/document_393_report.pdf,Non-Sensitive
document_225_report.xlsx,xlsx,401694,C:/Atharva/document_225_report.xlsx,Non-Sensitive
document_684_report.docx,docx,421782,C:/Atharva/document_684_report.docx,Non-Sensitive
insurance_statement_2027_9.docx,docx,510165,C:/Atharva/insurance_statement_2027_9.docx,Sensitive
document_232_report.pdf,pdf,950916,C:/Atharva/document_232_report.pdf,Non-Sensitive
document_99_report.jpg,jpg,532642,C:/Atharva/document_99_report.jpg,Non-Sensitive
document_221_report.pdf,pdf,962774,C:/Atharva/document_221_report.pdf,Non-Sensitive
contract_statement_2022_10.jpg,jpg,584264,C:/Atharva/contract_statement_2022_10.jpg,Sensitive
payroll_statement_2025_2.xlsx,xlsx,784266,C:/Atharva/payroll_statement_2025_2.xlsx,Sensitive
document_819_report.xlsx,xlsx,278145,C:/Atharva/document_819_report.xlsx,Non-Sensitive
document_289_report.pdf,pdf,587869,C:/Atharva/document_289_report.pdf,Non-Sensitive
document_863_report.pdf,pdf,98886,C:/Atharva/document_863_report.pdf,Non-Sensitive
document_646_report.docx,docx,26461,C:/Atharva/document_646_report.docx,Non-Sensitive
document_658_report.txt,txt,60928,C:/Atharva/document_658_report.txt,Non-Sensitive
aadhar_statement_2024_6.xlsx,xlsx,209641,C:/Atharva/aadhar_statement_2024_6.xlsx,Sensitive
document_714_report.xlsx,xlsx,851128,C:/Atharva/document_714_report.xlsx,Non-Sensitive
document_496_report.pdf,pdf,469829,C:/Atharva/document_496_report.pdf,Non-Sensitive
agreement_statement_2026_1.docx,docx,37389,C:/Atharva/agreement_statement_2026_1.docx,Sensitive
document_31_report.txt,txt,278254,C:/Atharva/document_31_report.txt,Non-Sensitive
document_946_report.txt,txt,305471,C:/Atharva/document_946_report.txt,Non-Sensitive
document_950_report.xlsx,xlsx,507404,C:/Atharva/document_950_report.xlsx,Non-Sensitive
payroll_statement_2025_9.xlsx,xlsx,105510,C:/Atharva/payroll_statement_2025_9.xlsx,Sensitive
document_670_report.pdf,pdf,755875,C:/Atharva/document_670_report.pdf,Non-Sensitive
document_323_report.jpg,jpg,466246,C:/Atharva/document_323_report.jpg,Non-Sensitive
document_293_report.docx,docx,49877,C:/Atharva/document_293_report.docx,Non-Sensitive
document_106_report.docx,docx,407139,C:/Atharva/document_106_report.docx,Non-Sensitive
document_202_report.docx,docx,320447,C:/Atharva/document_202_report.docx,Non-Sensitive
payroll_statement_2028_12.xlsx,xlsx,986600,C:/Atharva/payroll_statement_2028_12.xlsx,Sensitive
document_493_report.xlsx,xlsx,387545,C:/Atharva/document_493_report.xlsx,Non-Sensitive
document_231_report.jpg,jpg,150134,C:/Atharva/document_231_report.jpg,Non-Sensitive
document_951_report.docx,docx,804869,C:/Atharva/document_951_report.docx,Non-Sensitive
aadhar_statement_2029_1.docx,docx,668715,C:/Atharva/aadhar_statement_2029_1.docx,Sensitive
document_634_report.xlsx,xlsx,497515,C:/Atharva/document_634_report.xlsx,Non-Sensitive
document_634_report.pdf,pdf,848382,C:/Atharva/document_634_report.pdf,Non-Sensitive
bank_statement_2021_4.docx,docx,39609,C:/Atharva/bank_statement_2021_4.docx,Sensitive
document_380_report.jpg,jpg,402553,C:/Atharva/document_380_report.jpg,Non-Sensitive
document_189_report.txt,txt,267594,C:/Atharva/document_189_report.txt,Non-Sensitive
contract_statement_2024_4.pdf,pdf,570925,C:/Atharva/contract_statement_2024_4.pdf,Sensitive
document_152_report.txt,txt,575470,C:/Atharva/document_152_report.txt,Non-Sensitive
document_710_report.pdf,pdf,397649,C:/Atharva/document_710_report.pdf,Non-Sensitive
aadhar_statement_2028_12.jpg,jpg,986270,C:/Atharva/aadhar_statement_2028_12.jpg,Sensitive
document_803_report.xlsx,xlsx,846567,C:/Atharva/document_803_report.xlsx,Non-Sensitive
document_970_report.pdf,pdf,112697,C:/Atharva/document_970_report.pdf,Non-Sensitive
document_337_report.docx,docx,935749,C:/Atharva/document_337_report.docx,Non-Sensitive
payroll_statement_2028_4.jpg,jpg,307212,C:/Atharva/payroll_statement_2028_4.jpg,Sensitive
contract_statement_2028_6.txt,txt,553396,C:/Atharva/contract_statement_2028_6.txt,Sensitive
bank_statement_2025_8.txt,txt,230855,C:/Atharva/bank_statement_2025_8.txt,Sensitive
document_130_report.jpg,jpg,504251,C:/Atharva/document_130_report.jpg,Non-Sensitive
document_144_report.docx,docx,530370,C:/Atharva/document_144_report.docx,Non-Sensitive
document_456_report.docx,docx,658689,C:/Atharva/document_456_report.docx,Non-Sensitive
document_621_report.xlsx,xlsx,977607,C:/Atharva/document_621_report.xlsx,Non-Sensitive
contract_statement_2020_5.txt,txt,647572,C:/Atharva/contract_statement_2020_5.txt,Sensitive
document_791_report.docx,docx,779175,C:/Atharva/document_791_report.docx,Non-Sensitive
document_43_report.pdf,pdf,915184,C:/Atharva/document_43_report.pdf,Non-Sensitive
document_693_report.txt,txt,447754,C:/Atharva/document_693_report.txt,Non-Sensitive
document_59_report.pdf,pdf,188352,C:/Atharva/document_59_report.pdf,Non-Sensitive
document_897_report.jpg,jpg,61854,C:/Atharva/document_897_report.jpg,Non-Sensitive
payroll_statement_2029_7.docx,docx,844928,C:/Atharva/payroll_statement_2029_7.docx,Sensitive
document_50_report.txt,txt,167820,C:/Atharva/document_50_report.txt,Non-Sensitive
document_159_report.txt,txt,440260,C:/Atharva/document_159_report.txt,Non-Sensitive
document_560_report.xlsx,xlsx,563296,C:/Atharva/document_560_report.xlsx,Non-Sensitive
document_945_report.jpg,jpg,424038,C:/Atharva/document_945_report.jpg,Non-Sensitive
document_116_report.jpg,jpg,161061,C:/Atharva/document_116_report.jpg,Non-Sensitive
document_566_report.txt,txt,760994,C:/Atharva/document_566_report.txt,Non-Sensitive
document_795_report.xlsx,xlsx,758507,C:/Atharva/document_795_report.xlsx,Non-Sensitive
document_246_report.docx,docx,125649,C:/Atharva/document_246_report.docx,Non-Sensitive
aadhar_statement_2027_3.xlsx,xlsx,691007,C:/Atharva/aadhar_statement_2027_3.xlsx,Sensitive
document_364_report.xlsx,xlsx,72767,C:/Atharva/document_364_report.xlsx,Non-Sensitive
insurance_statement_2028_1.jpg,jpg,170796,C:/Atharva/insurance_statement_2028_1.jpg,Sensitive
payroll_statement_2028_6.docx,docx,21391,C:/Atharva/payroll_statement_2028_6.docx,Sensitive
document_8_report.docx,docx,465593,C:/Atharva/document_8_report.docx,Non-Sensitive
aadhar_statement_2022_9.xlsx,xlsx,535771,C:/Atharva/aadhar_statement_2022_9.xlsx,Sensitive
document_235_report.pdf,pdf,823936,C:/Atharva/document_235_report.pdf,Non-Sensitive
document_115_report.txt,txt,328005,C:/Atharva/document_115_report.txt,Non-Sensitive
insurance_statement_2029_2.docx,docx,805199,C:/Atharva/insurance_statement_2029_2.docx,Sensitive
document_550_report.docx,docx,887463,C:/Atharva/document_550_report.docx,Non-Sensitive
document_503_report.xlsx,xlsx,853848,C:/Atharva/document_503_report.xlsx,Non-Sensitive
document_427_report.txt,txt,94422,C:/Atharva/document_427_report.txt,Non-Sensitive
contract_statement_2024_1.txt,txt,483979,C:/Atharva/contract_statement_2024_1.txt,Sensitive
document_720_report.pdf,pdf,951218,C:/Atharva/document_720_report.pdf,Non-Sensitive
document_52_report.txt,txt,224140,C:/Atharva/document_52_report.txt,Non-Sensitive
document_170_report.xlsx,xlsx,507959,C:/Atharva/document_170_report.xlsx,Non-Sensitive
tax_statement_2030_3.pdf,pdf,102432,C:/Atharva/tax_statement_2030_3.pdf,Sensitive
tax_statement_2022_12.pdf,pdf,753930,C:/Atharva/tax_statement_2022_12.pdf,Sensitive
document_383_report.jpg,jpg,24576,C:/Atharva/document_383_report.jpg,Non-Sensitive
aadhar_statement_2027_9.pdf,pdf,677498,C:/Atharva/aadhar_statement_2027_9.pdf,Sensitive
document_191_report.pdf,pdf,809916,C:/Atharva/document_191_report.pdf,Non-Sensitive
document_310_report.xlsx,xlsx,351469,C:/Atharva/document_310_report.xlsx,Non-Sensitive
document_151_report.docx,docx,550791,C:/Atharva/document_151_report.docx,Non-Sensitive
document_768_report.txt,txt,952733,C:/Atharva/document_768_report.txt,Non-Sensitive
document_745_report.docx,docx,200988,C:/Atharva/document_745_report.docx,Non-Sensitive
document_186_report.txt,txt,688503,C:/Atharva/document_186_report.txt,Non-Sensitive
bank_statement_2027_2.txt,txt,366786,C:/Atharva/bank_statement_2027_2.txt,Sensitive
document_626_report.pdf,pdf,649930,C:/Atharva/document_626_report.pdf,Non-Sensitive
payroll_statement_2030_3.pdf,pdf,595175,C:/Atharva/payroll_statement_2030_3.pdf,Sensitive
document_88_report.pdf,pdf,738842,C:/Atharva/document_88_report.pdf,Non-Sensitive
aadhar_statement_2023_10.xlsx,xlsx,352257,C:/Atharva/aadhar_statement_2023_10.xlsx,Sensitive
bank_statement_2027_11.txt,txt,94462,C:/Atharva/bank_statement_2027_11.txt,Sensitive
bank_statement_2022_2.pdf,pdf,741097,C:/Atharva/bank_statement_2022_2.pdf,Sensitive
document_428_report.pdf,pdf,985050,C:/Atharva/document_428_report.pdf,Non-Sensitive
document_334_report.jpg,jpg,267100,C:/Atharva/document_334_report.jpg,Non-Sensitive
document_728_report.pdf,pdf,921780,C:/Atharva/document_728_report.pdf,Non-Sensitive
document_839_report.xlsx,xlsx,539991,C:/Atharva/document_839_report.xlsx,Non-Sensitive
document_573_report.jpg,jpg,262333,C:/Atharva/document_573_report.jpg,Non-Sensitive
aadhar_statement_2020_5.docx,docx,522561,C:/Atharva/aadhar_statement_2020_5.docx,Sensitive
document_611_report.txt,txt,585040,C:/Atharva/document_611_report.txt,Non-Sensitive
insurance_statement_2026_6.xlsx,xlsx,761711,C:/Atharva/insurance_statement_2026_6.xlsx,Sensitive
agreement_statement_2023_11.txt,txt,754657,C:/Atharva/agreement_statement_2023_11.txt,Sensitive
document_349_report.xlsx,xlsx,592371,C:/Atharva/document_349_report.xlsx,Non-Sensitive
document_24_report.txt,txt,642619,C:/Atharva/document_24_report.txt,Non-Sensitive
document_158_report.txt,txt,63187,C:/Atharva/document_158_report.txt,Non-Sensitive
document_106_report.pdf,pdf,586962,C:/Atharva/document_106_report.pdf,Non-Sensitive
contract_statement_2027_5.txt,txt,907152,C:/Atharva/contract_statement_2027_5.txt,Sensitive
payroll_statement_2027_11.xlsx,xlsx,42666,C:/Atharva/payroll_statement_2027_11.xlsx,Sensitive
document_429_report.jpg,jpg,80128,C:/Atharva/document_429_report.jpg,Non-Sensitive
payroll_statement_2027_10.txt,txt,913723,C:/Atharva/payroll_statement_2027_10.txt,Sensitive
document_276_report.xlsx,xlsx,330913,C:/Atharva/document_276_report.xlsx,Non-Sensitive
tax_statement_2027_9.xlsx,xlsx,250978,C:/Atharva/tax_statement_2027_9.xlsx,Sensitive
agreement_statement_2023_9.xlsx,xlsx,693225,C:/Atharva/agreement_statement_2023_9.xlsx,Sensitive
document_681_report.pdf,pdf,565304,C:/Atharva/document_681_report.pdf,Non-Sensitive
document_286_report.xlsx,xlsx,666745,C:/Atharva/document_286_report.xlsx,Non-Sensitive
document_805_report.txt,txt,813695,C:/Atharva/document_805_report.txt,Non-Sensitive
document_916_report.xlsx,xlsx,948375,C:/Atharva/document_916_report.xlsx,Non-Sensitive
payroll_statement_2026_6.pdf,pdf,468804,C:/Atharva/payroll_statement_2026_6.pdf,Sensitive
document_883_report.pdf,pdf,558018,C:/Atharva/document_883_report.pdf,Non-Sensitive
payroll_statement_2021_10.xlsx,xlsx,508186,C:/Atharva/payroll_statement_2021_10.xlsx,Sensitive
document_170_report.jpg,jpg,513898,C:/Atharva/document_170_report.jpg,Non-Sensitive
aadhar_statement_2025_9.pdf,pdf,361609,C:/Atharva/aadhar_statement_2025_9.pdf,Sensitive
document_35_report.docx,docx,600476,C:/Atharva/document_35_report.docx,Non-Sensitive
payroll_statement_2028_3.txt,txt,912286,C:/Atharva/payroll_statement_2028_3.txt,Sensitive
document_236_report.xlsx,xlsx,207618,C:/Atharva/document_236_report.xlsx,Non-Sensitive
document_430_report.docx,docx,401050,C:/Atharva/document_430_report.docx,Non-Sensitive
document_479_report.pdf,pdf,453995,C:/Atharva/document_479_report.pdf,Non-Sensitive
document_915_report.xlsx,xlsx,657191,C:/Atharva/document_915_report.xlsx,Non-Sensitive
document_876_report.pdf,pdf,288139,C:/Atharva/document_876_report.pdf,Non-Sensitive
document_792_report.jpg,jpg,28553,C:/Atharva/document_792_report.jpg,Non-Sensitive
document_345_report.jpg,jpg,776842,C:/Atharva/document_345_report.jpg,Non-Sensitive
document_435_report.docx,docx,91194,C:/Atharva/document_435_report.docx,Non-Sensitive
document_450_report.docx,docx,929053,C:/Atharva/document_450_report.docx,Non-Sensitive
tax_statement_2026_4.jpg,jpg,990596,C:/Atharva/tax_statement_2026_4.jpg,Sensitive
document_255_report.docx,docx,806711,C:/Atharva/document_255_report.docx,Non-Sensitive
document_929_report.txt,txt,537603,C:/Atharva/document_929_report.txt,Non-Sensitive
document_487_report.jpg,jpg,642953,C:/Atharva/document_487_report.jpg,Non-Sensitive
bank_statement_2030_5.pdf,pdf,562226,C:/Atharva/bank_statement_2030_5.pdf,Sensitive
bank_statement_2028_7.pdf,pdf,347853,C:/Atharva/bank_statement_2028_7.pdf,Sensitive
document_749_report.xlsx,xlsx,225949,C:/Atharva/document_749_report.xlsx,Non-Sensitive
insurance_statement_2027_1.jpg,jpg,26878,C:/Atharva/insurance_statement_2027_1.jpg,Sensitive
document_733_report.xlsx,xlsx,488011,C:/Atharva/document_733_report.xlsx,Non-Sensitive
document_670_report.pdf,pdf,799892,C:/Atharva/document_670_report.pdf,Non-Sensitive
document_443_report.jpg,jpg,508074,C:/Atharva/document_443_report.jpg,Non-Sensitive
document_512_report.docx,docx,699185,C:/Atharva/document_512_report.docx,Non-Sensitive
document_140_report.pdf,pdf,668317,C:/Atharva/document_140_report.pdf,Non-Sensitive
document_875_report.docx,docx,942981,C:/Atharva/document_875_report.docx,Non-Sensitive
document_373_report.jpg,jpg,605966,C:/Atharva/document_373_report.jpg,Non-Sensitive
agreement_statement_2029_2.txt,txt,718720,C:/Atharva/agreement_statement_2029_2.txt,Sensitive
document_618_report.pdf,pdf,943460,C:/Atharva/document_618_report.pdf,Non-Sensitive
document_730_report.jpg,jpg,470491,C:/Atharva/document_730_report.jpg,Non-Sensitive
document_400_report.xlsx,xlsx,950991,C:/Atharva/document_400_report.xlsx,Non-Sensitive
document_494_report.docx,docx,552224,C:/Atharva/document_494_report.docx,Non-Sensitive
document_475_report.jpg,jpg,101861,C:/Atharva/document_475_report.jpg,Non-Sensitive
insurance_statement_2026_3.txt,txt,568915,C:/Atharva/insurance_statement_2026_3.txt,Sensitive
document_83_report.txt,txt,473255,C:/Atharva/document_83_report.txt,Non-Sensitive
document_843_report.pdf,pdf,452002,C:/Atharva/document_843_report.pdf,Non-Sensitive
insurance_statement_2021_2.docx,docx,181950,C:/Atharva/insurance_statement_2021_2.docx,Sensitive
aadhar_statement_2022_10.txt,txt,358488,C:/Atharva/aadhar_statement_2022_10.txt,Sensitive
document_905_report.xlsx,xlsx,768174,C:/Atharva/document_905_report.xlsx,Non-Sensitive
document_701_report.xlsx,xlsx,570026,C:/Atharva/document_701_report.xlsx,Non-Sensitive
document_503_report.pdf,pdf,740716,C:/Atharva/document_503_report.pdf,Non-Sensitive
document_369_report.docx,docx,891656,C:/Atharva/document_369_report.docx,Non-Sensitive
bank_statement_2027_11.txt,txt,114175,C:/Atharva/bank_statement_2027_11.txt,Sensitive
bank_statement_2021_8.pdf,pdf,27624,C:/Atharva/bank_statement_2021_8.pdf,Sensitive
payroll_statement_2023_6.jpg,jpg,794214,C:/Atharva/payroll_statement_2023_6.jpg,Sensitive
document_937_report.jpg,jpg,769693,C:/Atharva/document_937_report.jpg,Non-Sensitive
bank_statement_2027_6.pdf,pdf,806273,C:/Atharva/bank_statement_2027_6.pdf,Sensitive
document_565_report.jpg,jpg,137631,C:/Atharva/document_565_report.jpg,Non-Sensitive
document_888_report.pdf,pdf,951025,C:/Atharva/document_888_report.pdf,Non-Sensitive
document_753_report.xlsx,xlsx,47328,C:/Atharva/document_753_report.xlsx,Non-Sensitive
document_339_report.txt,txt,764230,C:/Atharva/document_339_report.txt,Non-Sensitive
document_811_report.xlsx,xlsx,628669,C:/Atharva/document_811_report.xlsx,Non-Sensitive
tax_statement_2028_4.pdf,pdf,664128,C:/Atharva/tax_statement_2028_4.pdf,Sensitive
bank_statement_2023_6.jpg,jpg,19013,C:/Atharva/bank_statement_2023_6.jpg,Sensitive
document_101_report.xlsx,xlsx,670255,C:/Atharva/document_101_report.xlsx,Non-Sensitive
document_985_report.jpg,jpg,127661,C:/Atharva/document_985_report.jpg,Non-Sensitive
insurance_statement_2024_8.txt,txt,332554,C:/Atharva/insurance_statement_2024_8.txt,Sensitive
document_260_report.docx,docx,953120,C:/Atharva/document_260_report.docx,Non-Sensitive
insurance_statement_2025_7.txt,txt,160897,C:/Atharva/insurance_statement_2025_7.txt,Sensitive
tax_statement_2023_11.docx,docx,301112,C:/Atharva/tax_statement_2023_11.docx,Sensitive
document_228_report.docx,docx,990748,C:/Atharva/document_228_report.docx,Non-Sensitive
document_74_report.pdf,pdf,961515,C:/Atharva/document_74_report.pdf,Non-Sensitive
aadhar_statement_2030_6.xlsx,xlsx,875435,C:/Atharva/aadhar_statement_2030_6.xlsx,Sensitive
tax_statement_2027_9.pdf,pdf,28510,C:/Atharva/tax_statement_2027_9.pdf,Sensitive
bank_statement_2021_12.xlsx,xlsx,978466,C:/Atharva/bank_statement_2021_12.xlsx,Sensitive
document_429_report.docx,docx,251278,C:/Atharva/document_429_report.docx,Non-Sensitive
document_459_report.jpg,jpg,470321,C:/Atharva/document_459_report.jpg,Non-Sensitive
contract_statement_2027_3.xlsx,xlsx,991863,C:/Atharva/contract_statement_2027_3.xlsx,Sensitive
document_689_report.xlsx,xlsx,898614,C:/Atharva/document_689_report.xlsx,Non-Sensitive
bank_statement_2025_4.pdf,pdf,75109,C:/Atharva/bank_statement_2025_4.pdf,Sensitive
aadhar_statement_2024_6.xlsx,xlsx,141020,C:/Atharva/aadhar_statement_2024_6.xlsx,Sensitive
document_881_report.txt,txt,586525,C:/Atharva/document_881_report.txt,Non-Sensitive
document_575_report.docx,docx,705226,C:/Atharva/document_575_report.docx,Non-Sensitive
document_876_report.txt,txt,78452,C:/Atharva/document_876_report.txt,Non-Sensitive
agreement_statement_2030_12.pdf,pdf,58066,C:/Atharva/agreement_statement_2030_12.pdf,Sensitive
contract_statement_2028_12.docx,docx,755786,C:/Atharva/contract_statement_2028_12.docx,Sensitive
bank_statement_2029_11.jpg,jpg,358305,C:/Atharva/bank_statement_2029_11.jpg,Sensitive
document_72_report.txt,txt,51065,C:/Atharva/document_72_report.txt,Non-Sensitive
payroll_statement_2021_9.docx,docx,55459,C:/Atharva/payroll_statement_2021_9.docx,Sensitive
document_333_report.pdf,pdf,805729,C:/Atharva/document_333_report.pdf,Non-Sensitive
document_394_report.pdf,pdf,406806,C:/Atharva/document_394_report.pdf,Non-Sensitive
document_448_report.txt,txt,451380,C:/Atharva/document_448_report.txt,Non-Sensitive
payroll_statement_2022_4.txt,txt,632688,C:/Atharva/payroll_statement_2022_4.txt,Sensitive
payroll_statement_2029_3.txt,txt,534148,C:/Atharva/payroll_statement_2029_3.txt,Sensitive
document_327_report.jpg,jpg,846730,C:/Atharva/document_327_report.jpg,Non-Sensitive
document_278_report.xlsx,xlsx,345203,C:/Atharva/document_278_report.xlsx,Non-Sensitive
agreement_statement_2028_7.jpg,jpg,25708,C:/Atharva/agreement_statement_2028_7.jpg,Sensitive
document_749_report.docx,docx,922661,C:/Atharva/document_749_report.docx,Non-Sensitive
payroll_statement_2026_12.xlsx,xlsx,13389,C:/Atharva/payroll_statement_2026_12.xlsx,Sensitive
bank_statement_2029_4.xlsx,xlsx,57223,C:/Atharva/bank_statement_2029_4.xlsx,Sensitive
aadhar_statement_2027_11.txt,txt,400963,C:/Atharva/aadhar_statement_2027_11.txt,Sensitive
document_788_report.txt,txt,747445,C:/Atharva/document_788_report.txt,Non-Sensitive
contract_statement_2025_5.pdf,pdf,806902,C:/Atharva/contract_statement_2025_5.pdf,Sensitive
document_901_report.xlsx,xlsx,909199,C:/Atharva/document_901_report.xlsx,Non-Sensitive
document_669_report.txt,txt,878208,C:/Atharva/document_669_report.txt,Non-Sensitive
document_294_report.txt,txt,896319,C:/Atharva/document_294_report.txt,Non-Sensitive
document_305_report.docx,docx,161207,C:/Atharva/document_305_report.docx,Non-Sensitive
document_343_report.xlsx,xlsx,530336,C:/Atharva/document_343_report.xlsx,Non-Sensitive
document_880_report.txt,txt,512184,C:/Atharva/document_880_report.txt,Non-Sensitive
payroll_statement_2028_7.docx,docx,162052,C:/Atharva/payroll_statement_2028_7.docx,Sensitive
document_496_report.txt,txt,500964,C:/Atharva/document_496_report.txt,Non-Sensitive
document_261_report.xlsx,xlsx,327504,C:/Atharva/document_261_report.xlsx,Non-Sensitive
aadhar_statement_2028_7.docx,docx,572704,C:/Atharva/aadhar_statement_2028_7.docx,Sensitive
document_477_report.jpg,jpg,72242,C:/Atharva/document_477_report.jpg,Non-Sensitive
document_784_report.pdf,pdf,574079,C:/Atharva/document_784_report.pdf,Non-Sensitive
document_636_report.docx,docx,375460,C:/Atharva/document_636_report.docx,Non-Sensitive
bank_statement_2025_12.txt,txt,153087,C:/Atharva/bank_statement_2025_12.txt,Sensitive
document_946_report.docx,docx,56288,C:/Atharva/document_946_report.docx,Non-Sensitive
document_714_report.xlsx,xlsx,928309,C:/Atharva/document_714_report.xlsx,Non-Sensitive
document_31_report.docx,docx,316375,C:/Atharva/document_31_report.docx,Non-Sensitive
document_47_report.xlsx,xlsx,968423,C:/Atharva/document_47_report.xlsx,Non-Sensitive
document_722_report.pdf,pdf,708445,C:/Atharva/document_722_report.pdf,Non-Sensitive
bank_statement_2026_10.jpg,jpg,563756,C:/Atharva/bank_statement_2026_10.jpg,Sensitive
document_127_report.docx,docx,170310,C:/Atharva/document_127_report.docx,Non-Sensitive
document_579_report.jpg,jpg,500810,C:/Atharva/document_579_report.jpg,Non-Sensitive
document_720_report.pdf,pdf,408623,C:/Atharva/document_720_report.pdf,Non-Sensitive
document_368_report.txt,txt,576905,C:/Atharva/document_368_report.txt,Non-Sensitive
document_324_report.docx,docx,890418,C:/Atharva/document_324_report.docx,Non-Sensitive
document_248_report.pdf,pdf,19978,C:/Atharva/document_248_report.pdf,Non-Sensitive
agreement_statement_2023_5.pdf,pdf,678939,C:/Atharva/agreement_statement_2023_5.pdf,Sensitive
contract_statement_2021_4.pdf,pdf,694901,C:/Atharva/contract_statement_2021_4.pdf,Sensitive
contract_statement_2029_5.docx,docx,344875,C:/Atharva/contract_statement_2029_5.docx,Sensitive
document_370_report.docx,docx,162117,C:/Atharva/document_370_report.docx,Non-Sensitive
aadhar_statement_2030_6.pdf,pdf,77047,C:/Atharva/aadhar_statement_2030_6.pdf,Sensitive
document_418_report.txt,txt,99034,C:/Atharva/document_418_report.txt,Non-Sensitive
document_553_report.docx,docx,498880,C:/Atharva/document_553_report.docx,Non-Sensitive
document_214_report.docx,docx,471742,C:/Atharva/document_214_report.docx,Non-Sensitive
document_332_report.docx,docx,52229,C:/Atharva/document_332_report.docx,Non-Sensitive
document_895_report.pdf,pdf,379184,C:/Atharva/document_895_report.pdf,Non-Sensitive
bank_statement_2020_8.xlsx,xlsx,84257,C:/Atharva/bank_statement_2020_8.xlsx,Sensitive
agreement_statement_2026_9.docx,docx,756771,C:/Atharva/agreement_statement_2026_9.docx,Sensitive
document_747_report.docx,docx,558814,C:/Atharva/document_747_report.docx,Non-Sensitive
document_494_report.docx,docx,51749,C:/Atharva/document_494_report.docx,Non-Sensitive
document_474_report.pdf,pdf,325806,C:/Atharva/document_474_report.pdf,Non-Sensitive
document_683_report.txt,txt,689829,C:/Atharva/document_683_report.txt,Non-Sensitive
document_967_report.jpg,jpg,18822,C:/Atharva/document_967_report.jpg,Non-Sensitive
agreement_statement_2023_4.pdf,pdf,17408,C:/Atharva/agreement_statement_2023_4.pdf,Sensitive
contract_statement_2023_12.xlsx,xlsx,154040,C:/Atharva/contract_statement_2023_12.xlsx,Sensitive
document_73_report.txt,txt,141466,C:/Atharva/document_73_report.txt,Non-Sensitive
document_280_report.txt,txt,986382,C:/Atharva/document_280_report.txt,Non-Sensitive
document_943_report.jpg,jpg,139720,C:/Atharva/document_943_report.jpg,Non-Sensitive
tax_statement_2029_7.xlsx,xlsx,408427,C:/Atharva/tax_statement_2029_7.xlsx,Sensitive
document_799_report.docx,docx,407047,C:/Atharva/document_799_report.docx,Non-Sensitive
tax_statement_2020_9.docx,docx,102569,C:/Atharva/tax_statement_2020_9.docx,Sensitive
tax_statement_2029_5.jpg,jpg,328816,C:/Atharva/tax_statement_2029_5.jpg,Sensitive
document_683_report.jpg,jpg,714341,C:/Atharva/document_683_report.jpg,Non-Sensitive
document_644_report.docx,docx,443037,C:/Atharva/document_644_report.docx,Non-Sensitive
document_156_report.docx,docx,203939,C:/Atharva/document_156_report.docx,Non-Sensitive
document_376_report.jpg,jpg,743661,C:/Atharva/document_376_report.jpg,Non-Sensitive
document_615_report.jpg,jpg,826857,C:/Atharva/document_615_report.jpg,Non-Sensitive
document_696_report.txt,txt,496030,C:/Atharva/document_696_report.txt,Non-Sensitive
document_813_report.docx,docx,738121,C:/Atharva/document_813_report.docx,Non-Sensitive
document_643_report.jpg,jpg,290657,C:/Atharva/document_643_report.jpg,Non-Sensitive
document_927_report.pdf,pdf,927591,C:/Atharva/document_927_report.pdf,Non-Sensitive
document_631_report.txt,txt,364436,C:/Atharva/document_631_report.txt,Non-Sensitive
tax_statement_2027_6.pdf,pdf,22826,C:/Atharva/tax_statement_2027_6.pdf,Sensitive
document_853_report.pdf,pdf,817287,C:/Atharva/document_853_report.pdf,Non-Sensitive
document_123_report.txt,txt,698352,C:/Atharva/document_123_report.txt,Non-Sensitive
document_410_report.jpg,jpg,611946,C:/Atharva/document_410_report.jpg,Non-Sensitive
document_128_report.jpg,jpg,402069,C:/Atharva/document_128_report.jpg,Non-Sensitive
aadhar_statement_2028_7.txt,txt,532328,C:/Atharva/aadhar_statement_2028_7.txt,Sensitive
document_530_report.txt,txt,10431,C:/Atharva/document_530_report.txt,Non-Sensitive
document_919_report.txt,txt,859277,C:/Atharva/document_919_report.txt,Non-Sensitive
document_979_report.pdf,pdf,526222,C:/Atharva/document_979_report.pdf,Non-Sensitive
document_805_report.xlsx,xlsx,604444,C:/Atharva/document_805_report.xlsx,Non-Sensitive
document_488_report.jpg,jpg,740750,C:/Atharva/document_488_report.jpg,Non-Sensitive
document_843_report.xlsx,xlsx,268420,C:/Atharva/document_843_report.xlsx,Non-Sensitive
payroll_statement_2025_7.docx,docx,681426,C:/Atharva/payroll_statement_2025_7.docx,Sensitive
insurance_statement_2021_6.jpg,jpg,210967,C:/Atharva/insurance_statement_2021_6.jpg,Sensitive
bank_statement_2024_6.jpg,jpg,167688,C:/Atharva/bank_statement_2024_6.jpg,Sensitive
document_174_report.docx,docx,482508,C:/Atharva/document_174_report.docx,Non-Sensitive
document_945_report.docx,docx,632514,C:/Atharva/document_945_report.docx,Non-Sensitive
bank_statement_2027_2.xlsx,xlsx,403023,C:/Atharva/bank_statement_2027_2.xlsx,Sensitive
document_310_report.txt,txt,850680,C:/Atharva/document_310_report.txt,Non-Sensitive
document_606_report.docx,docx,832154,C:/Atharva/document_606_report.docx,Non-Sensitive
document_367_report.pdf,pdf,906852,C:/Atharva/document_367_report.pdf,Non-Sensitive
document_1_report.docx,docx,168022,C:/Atharva/document_1_report.docx,Non-Sensitive
document_75_report.docx,docx,393023,C:/Atharva/document_75_report.docx,Non-Sensitive
document_34_report.pdf,pdf,262643,C:/Atharva/document_34_report.pdf,Non-Sensitive
document_602_report.docx,docx,567956,C:/Atharva/document_602_report.docx,Non-Sensitive
document_663_report.xlsx,xlsx,868130,C:/Atharva/document_663_report.xlsx,Non-Sensitive
aadhar_statement_2022_4.txt,txt,180873,C:/Atharva/aadhar_statement_2022_4.txt,Sensitive
document_384_report.pdf,pdf,605030,C:/Atharva/document_384_report.pdf,Non-Sensitive
document_41_report.xlsx,xlsx,195005,C:/Atharva/document_41_report.xlsx,Non-Sensitive
insurance_statement_2021_12.pdf,pdf,452012,C:/Atharva/insurance_statement_2021_12.pdf,Sensitive
contract_statement_2028_2.xlsx,xlsx,259277,C:/Atharva/contract_statement_2028_2.xlsx,Sensitive
document_604_report.xlsx,xlsx,556623,C:/Atharva/document_604_report.xlsx,Non-Sensitive
agreement_statement_2029_4.jpg,jpg,799821,C:/Atharva/agreement_statement_2029_4.jpg,Sensitive
insurance_statement_2020_1.jpg,jpg,272773,C:/Atharva/insurance_statement_2020_1.jpg,Sensitive
aadhar_statement_2028_2.jpg,jpg,581754,C:/Atharva/aadhar_statement_2028_2.jpg,Sensitive
payroll_statement_2022_12.xlsx,xlsx,992070,C:/Atharva/payroll_statement_2022_12.xlsx,Sensitive
document_740_report.pdf,pdf,613671,C:/Atharva/document_740_report.pdf,Non-Sensitive
tax_statement_2023_12.docx,docx,649886,C:/Atharva/tax_statement_2023_12.docx,Sensitive
document_833_report.docx,docx,709227,C:/Atharva/document_833_report.docx,Non-Sensitive
document_12_report.pdf,pdf,794584,C:/Atharva/document_12_report.pdf,Non-Sensitive
document_607_report.txt,txt,120770,C:/Atharva/document_607_report.txt,Non-Sensitive
document_189_report.jpg,jpg,604055,C:/Atharva/document_189_report.jpg,Non-Sensitive
document_974_report.pdf,pdf,357470,C:/Atharva/document_974_report.pdf,Non-Sensitive
agreement_statement_2020_10.xlsx,xlsx,621729,C:/Atharva/agreement_statement_2020_10.xlsx,Sensitive
document_438_report.txt,txt,256530,C:/Atharva/document_438_report.txt,Non-Sensitive
document_349_report.docx,docx,820293,C:/Atharva/document_349_report.docx,Non-Sensitive
contract_statement_2022_2.txt,txt,692054,C:/Atharva/contract_statement_2022_2.txt,Sensitive
document_411_report.pdf,pdf,191587,C:/Atharva/document_411_report.pdf,Non-Sensitive
document_498_report.xlsx,xlsx,869637,C:/Atharva/document_498_report.xlsx,Non-Sensitive
document_178_report.jpg,jpg,646359,C:/Atharva/document_178_report.jpg,Non-Sensitive
document_954_report.xlsx,xlsx,626165,C:/Atharva/document_954_report.xlsx,Non-Sensitive
document_49_report.xlsx,xlsx,122877,C:/Atharva/document_49_report.xlsx,Non-Sensitive
bank_statement_2022_3.docx,docx,314345,C:/Atharva/bank_statement_2022_3.docx,Sensitive
document_392_report.xlsx,xlsx,907417,C:/Atharva/document_392_report.xlsx,Non-Sensitive
contract_statement_2022_8.docx,docx,887043,C:/Atharva/contract_statement_2022_8.docx,Sensitive
bank_statement_2027_11.docx,docx,995248,C:/Atharva/bank_statement_2027_11.docx,Sensitive
contract_statement_2028_6.docx,docx,658234,C:/Atharva/contract_statement_2028_6.docx,Sensitive
contract_statement_2021_5.docx,docx,306043,C:/Atharva/contract_statement_2021_5.docx,Sensitive
insurance_statement_2024_10.pdf,pdf,79593,C:/Atharva/insurance_statement_2024_10.pdf,Sensitive
document_701_report.docx,docx,717764,C:/Atharva/document_701_report.docx,Non-Sensitive
document_927_report.pdf,pdf,163130,C:/Atharva/document_927_report.pdf,Non-Sensitive
document_859_report.pdf,pdf,942411,C:/Atharva/document_859_report.pdf,Non-Sensitive
document_822_report.txt,txt,114123,C:/Atharva/document_822_report.txt,Non-Sensitive
document_223_report.jpg,jpg,986087,C:/Atharva/document_223_report.jpg,Non-Sensitive
document_528_report.txt,txt,263378,C:/Atharva/document_528_report.txt,Non-Sensitive
document_78_report.xlsx,xlsx,593374,C:/Atharva/document_78_report.xlsx,Non-Sensitive
document_633_report.pdf,pdf,605461,C:/Atharva/document_633_report.pdf,Non-Sensitive
insurance_statement_2025_7.pdf,pdf,829650,C:/Atharva/insurance_statement_2025_7.pdf,Sensitive
insurance_statement_2028_6.docx,docx,210310,C:/Atharva/insurance_statement_2028_6.docx,Sensitive
document_977_report.xlsx,xlsx,877895,C:/Atharva/document_977_report.xlsx,Non-Sensitive
tax_statement_2029_6.jpg,jpg,253891,C:/Atharva/tax_statement_2029_6.jpg,Sensitive
document_331_report.jpg,jpg,497340,C:/Atharva/document_331_report.jpg,Non-Sensitive
document_355_report.docx,docx,353067,C:/Atharva/document_355_report.docx,Non-Sensitive
bank_statement_2028_1.txt,txt,326847,C:/Atharva/bank_statement_2028_1.txt,Sensitive
document_7_report.pdf,pdf,472312,C:/Atharva/document_7_report.pdf,Non-Sensitive
insurance_statement_2020_5.xlsx,xlsx,613626,C:/Atharva/insurance_statement_2020_5.xlsx,Sensitive
document_45_report.jpg,jpg,408206,C:/Atharva/document_45_report.jpg,Non-Sensitive
document_2_report.pdf,pdf,15600,C:/Atharva/document_2_report.pdf,Non-Sensitive
insurance_statement_2020_11.jpg,jpg,513127,C:/Atharva/insurance_statement_2020_11.jpg,Sensitive
contract_statement_2028_11.jpg,jpg,45718,C:/Atharva/contract_statement_2028_11.jpg,Sensitive
document_235_report.txt,txt,23908,C:/Atharva/document_235_report.txt,Non-Sensitive
document_553_report.pdf,pdf,289844,C:/Atharva/document_553_report.pdf,Non-Sensitive
contract_statement_2021_12.xlsx,xlsx,102637,C:/Atharva/contract_statement_2021_12.xlsx,Sensitive
document_513_report.docx,docx,772936,C:/Atharva/document_513_report.docx,Non-Sensitive
document_113_report.xlsx,xlsx,762348,C:/Atharva/document_113_report.xlsx,Non-Sensitive
document_669_report.pdf,pdf,834204,C:/Atharva/document_669_report.pdf,Non-Sensitive
document_233_report.jpg,jpg,723016,C:/Atharva/document_233_report.jpg,Non-Sensitive
document_27_report.pdf,pdf,116520,C:/Atharva/document_27_report.pdf,Non-Sensitive
document_496_report.xlsx,xlsx,47077,C:/Atharva/document_496_report.xlsx,Non-Sensitive
document_291_report.docx,docx,988608,C:/Atharva/document_291_report.docx,Non-Sensitive
document_117_report.pdf,pdf,830157,C:/Atharva/document_117_report.pdf,Non-Sensitive
document_67_report.docx,docx,963173,C:/Atharva/document_67_report.docx,Non-Sensitive
agreement_statement_2023_5.txt,txt,768510,C:/Atharva/agreement_statement_2023_5.txt,Sensitive
document_876_report.docx,docx,561273,C:/Atharva/document_876_report.docx,Non-Sensitive
document_26_report.xlsx,xlsx,771532,C:/Atharva/document_26_report.xlsx,Non-Sensitive
document_481_report.docx,docx,716956,C:/Atharva/document_481_report.docx,Non-Sensitive
document_490_report.jpg,jpg,502493,C:/Atharva/document_490_report.jpg,Non-Sensitive
document_101_report.xlsx,xlsx,142717,C:/Atharva/document_101_report.xlsx,Non-Sensitive
document_741_report.jpg,jpg,420157,C:/Atharva/document_741_report.jpg,Non-Sensitive
agreement_statement_2020_3.xlsx,xlsx,400433,C:/Atharva/agreement_statement_2020_3.xlsx,Sensitive
document_813_report.jpg,jpg,849165,C:/Atharva/document_813_report.jpg,Non-Sensitive
document_831_report.pdf,pdf,766435,C:/Atharva/document_831_report.pdf,Non-Sensitive
document_141_report.pdf,pdf,739962,C:/Atharva/document_141_report.pdf,Non-Sensitive
document_87_report.xlsx,xlsx,972983,C:/Atharva/document_87_report.xlsx,Non-Sensitive
aadhar_statement_2028_1.jpg,jpg,931829,C:/Atharva/aadhar_statement_2028_1.jpg,Sensitive
bank_statement_2020_5.pdf,pdf,926908,C:/Atharva/bank_statement_2020_5.pdf,Sensitive
agreement_statement_2026_7.txt,txt,370675,C:/Atharva/agreement_statement_2026_7.txt,Sensitive
contract_statement_2027_8.pdf,pdf,234405,C:/Atharva/contract_statement_2027_8.pdf,Sensitive
document_787_report.txt,txt,150539,C:/Atharva/document_787_report.txt,Non-Sensitive
document_951_report.xlsx,xlsx,164032,C:/Atharva/document_951_report.xlsx,Non-Sensitive
document_462_report.pdf,pdf,745091,C:/Atharva/document_462_report.pdf,Non-Sensitive
document_749_report.pdf,pdf,421451,C:/Atharva/document_749_report.pdf,Non-Sensitive
document_459_report.docx,docx,506251,C:/Atharva/document_459_report.docx,Non-Sensitive
document_725_report.xlsx,xlsx,214584,C:/Atharva/document_725_report.xlsx,Non-Sensitive
bank_statement_2024_8.pdf,pdf,857874,C:/Atharva/bank_statement_2024_8.pdf,Sensitive
document_996_report.pdf,pdf,621961,C:/Atharva/document_996_report.pdf,Non-Sensitive
insurance_statement_2029_7.txt,txt,615944,C:/Atharva/insurance_statement_2029_7.txt,Sensitive
agreement_statement_2027_2.txt,txt,884046,C:/Atharva/agreement_statement_2027_2.txt,Sensitive
document_199_report.txt,txt,586049,C:/Atharva/document_199_report.txt,Non-Sensitive
contract_statement_2020_9.txt,txt,316618,C:/Atharva/contract_statement_2020_9.txt,Sensitive
bank_statement_2024_11.jpg,jpg,630284,C:/Atharva/bank_statement_2024_11.jpg,Sensitive
document_533_report.xlsx,xlsx,54790,C:/Atharva/document_533_report.xlsx,Non-Sensitive
document_129_report.txt,txt,457215,C:/Atharva/document_129_report.txt,Non-Sensitive
payroll_statement_2028_10.txt,txt,757351,C:/Atharva/payroll_statement_2028_10.txt,Sensitive
document_948_report.pdf,pdf,725898,C:/Atharva/document_948_report.pdf,Non-Sensitive
aadhar_statement_2021_7.txt,txt,665788,C:/Atharva/aadhar_statement_2021_7.txt,Sensitive
document_494_report.docx,docx,220743,C:/Atharva/document_494_report.docx,Non-Sensitive
document_825_report.xlsx,xlsx,801275,C:/Atharva/document_825_report.xlsx,Non-Sensitive
document_748_report.txt,txt,966458,C:/Atharva/document_748_report.txt,Non-Sensitive
agreement_statement_2022_11.docx,docx,922209,C:/Atharva/agreement_statement_2022_11.docx,Sensitive
document_691_report.pdf,pdf,332798,C:/Atharva/document_691_report.pdf,Non-Sensitive
document_768_report.jpg,jpg,37941,C:/Atharva/document_768_report.jpg,Non-Sensitive
document_410_report.xlsx,xlsx,544122,C:/Atharva/document_410_report.xlsx,Non-Sensitive
document_66_report.docx,docx,610916,C:/Atharva/document_66_report.docx,Non-Sensitive
document_987_report.txt,txt,12328,C:/Atharva/document_987_report.txt,Non-Sensitive
contract_statement_2022_2.pdf,pdf,672838,C:/Atharva/contract_statement_2022_2.pdf,Sensitive
document_187_report.xlsx,xlsx,305234,C:/Atharva/document_187_report.xlsx,Non-Sensitive
document_564_report.jpg,jpg,88388,C:/Atharva/document_564_report.jpg,Non-Sensitive
payroll_statement_2023_6.pdf,pdf,981934,C:/Atharva/payroll_statement_2023_6.pdf,Sensitive
document_871_report.jpg,jpg,411240,C:/Atharva/document_871_report.jpg,Non-Sensitive
payroll_statement_2023_10.jpg,jpg,979789,C:/Atharva/payroll_statement_2023_10.jpg,Sensitive
aadhar_statement_2020_1.txt,txt,734247,C:/Atharva/aadhar_statement_2020_1.txt,Sensitive
insurance_statement_2023_12.txt,txt,176422,C:/Atharva/insurance_statement_2023_12.txt,Sensitive
document_52_report.pdf,pdf,475304,C:/Atharva/document_52_report.pdf,Non-Sensitive
document_829_report.docx,docx,81141,C:/Atharva/document_829_report.docx,Non-Sensitive
document_627_report.docx,docx,66298,C:/Atharva/document_627_report.docx,Non-Sensitive
document_398_report.docx,docx,14738,C:/Atharva/document_398_report.docx,Non-Sensitive
document_69_report.docx,docx,457533,C:/Atharva/document_69_report.docx,Non-Sensitive
contract_statement_2028_9.xlsx,xlsx,554017,C:/Atharva/contract_statement_2028_9.xlsx,Sensitive
document_544_report.docx,docx,334484,C:/Atharva/document_544_report.docx,Non-Sensitive
document_772_report.jpg,jpg,86268,C:/Atharva/document_772_report.jpg,Non-Sensitive
document_654_report.pdf,pdf,37358,C:/Atharva/document_654_report.pdf,Non-Sensitive
document_574_report.docx,docx,884905,C:/Atharva/document_574_report.docx,Non-Sensitive
document_340_report.xlsx,xlsx,24381,C:/Atharva/document_340_report.xlsx,Non-Sensitive
insurance_statement_2029_10.pdf,pdf,398332,C:/Atharva/insurance_statement_2029_10.pdf,Sensitive
document_616_report.pdf,pdf,152765,C:/Atharva/document_616_report.pdf,Non-Sensitive
document_465_report.xlsx,xlsx,622901,C:/Atharva/document_465_report.xlsx,Non-Sensitive
document_285_report.pdf,pdf,393928,C:/Atharva/document_285_report.pdf,Non-Sensitive
payroll_statement_2023_12.xlsx,xlsx,959458,C:/Atharva/payroll_statement_2023_12.xlsx,Sensitive
document_591_report.xlsx,xlsx,730164,C:/Atharva/document_591_report.xlsx,Non-Sensitive
document_548_report.xlsx,xlsx,178194,C:/Atharva/document_548_report.xlsx,Non-Sensitive
document_490_report.txt,txt,108134,C:/Atharva/document_490_report.txt,Non-Sensitive
payroll_statement_2023_10.docx,docx,25957,C:/Atharva/payroll_statement_2023_10.docx,Sensitive
document_430_report.xlsx,xlsx,552328,C:/Atharva/document_430_report.xlsx,Non-Sensitive
document_940_report.jpg,jpg,897855,C:/Atharva/document_940_report.jpg,Non-Sensitive
document_534_report.txt,txt,970610,C:/Atharva/document_534_report.txt,Non-Sensitive
document_798_report.pdf,pdf,654684,C:/Atharva/document_798_report.pdf,Non-Sensitive
aadhar_statement_2022_10.txt,txt,110991,C:/Atharva/aadhar_statement_2022_10.txt,Sensitive
document_433_report.pdf,pdf,444934,C:/Atharva/document_433_report.pdf,Non-Sensitive
document_943_report.jpg,jpg,427433,C:/Atharva/document_943_report.jpg,Non-Sensitive
document_755_report.pdf,pdf,733379,C:/Atharva/document_755_report.pdf,Non-Sensitive
document_574_report.jpg,jpg,933280,C:/Atharva/document_574_report.jpg,Non-Sensitive
agreement_statement_2025_9.txt,txt,525258,C:/Atharva/agreement_statement_2025_9.txt,Sensitive
document_631_report.docx,docx,966430,C:/Atharva/document_631_report.docx,Non-Sensitive
insurance_statement_2024_1.pdf,pdf,41329,C:/Atharva/insurance_statement_2024_1.pdf,Sensitive
document_936_report.jpg,jpg,574353,C:/Atharva/document_936_report.jpg,Non-Sensitive
document_45_report.jpg,jpg,745618,C:/Atharva/document_45_report.jpg,Non-Sensitive
document_938_report.jpg,jpg,574052,C:/Atharva/document_938_report.jpg,Non-Sensitive
document_630_report.pdf,pdf,766375,C:/Atharva/document_630_report.pdf,Non-Sensitive
document_956_report.docx,docx,382592,C:/Atharva/document_956_report.docx,Non-Sensitive
document_450_report.xlsx,xlsx,918585,C:/Atharva/document_450_report.xlsx,Non-Sensitive
document_227_report.pdf,pdf,837738,C:/Atharva/document_227_report.pdf,Non-Sensitive
contract_statement_2026_9.pdf,pdf,416829,C:/Atharva/contract_statement_2026_9.pdf,Sensitive
document_667_report.txt,txt,62211,C:/Atharva/document_667_report.txt,Non-Sensitive
document_296_report.pdf,pdf,224547,C:/Atharva/document_296_report.pdf,Non-Sensitive
aadhar_statement_2020_6.jpg,jpg,546882,C:/Atharva/aadhar_statement_2020_6.jpg,Sensitive
document_276_report.docx,docx,82747,C:/Atharva/document_276_report.docx,Non-Sensitive
aadhar_statement_2026_8.xlsx,xlsx,839486,C:/Atharva/aadhar_statement_2026_8.xlsx,Sensitive
document_963_report.txt,txt,967037,C:/Atharva/document_963_report.txt,Non-Sensitive
bank_statement_2021_10.pdf,pdf,109487,C:/Atharva/bank_statement_2021_10.pdf,Sensitive
aadhar_statement_2027_1.txt,txt,439749,C:/Atharva/aadhar_statement_2027_1.txt,Sensitive
document_868_report.pdf,pdf,879802,C:/Atharva/document_868_report.pdf,Non-Sensitive
insurance_statement_2023_4.xlsx,xlsx,959046,C:/Atharva/insurance_statement_2023_4.xlsx,Sensitive
document_960_report.txt,txt,46598,C:/Atharva/document_960_report.txt,Non-Sensitive
aadhar_statement_2025_3.docx,docx,428937,C:/Atharva/aadhar_statement_2025_3.docx,Sensitive
document_587_report.xlsx,xlsx,814387,C:/Atharva/document_587_report.xlsx,Non-Sensitive
document_7_report.pdf,pdf,376390,C:/Atharva/document_7_report.pdf,Non-Sensitive
payroll_statement_2028_3.txt,txt,996389,C:/Atharva/payroll_statement_2028_3.txt,Sensitive
document_654_report.pdf,pdf,848806,C:/Atharva/document_654_report.pdf,Non-Sensitive
insurance_statement_2021_12.pdf,pdf,82563,C:/Atharva/insurance_statement_2021_12.pdf,Sensitive
document_442_report.pdf,pdf,426484,C:/Atharva/document_442_report.pdf,Non-Sensitive
insurance_statement_2020_7.txt,txt,668037,C:/Atharva/insurance_statement_2020_7.txt,Sensitive
document_222_report.docx,docx,331468,C:/Atharva/document_222_report.docx,Non-Sensitive
document_113_report.jpg,jpg,855332,C:/Atharva/document_113_report.jpg,Non-Sensitive
document_987_report.docx,docx,129313,C:/Atharva/document_987_report.docx,Non-Sensitive
document_748_report.txt,txt,749609,C:/Atharva/document_748_report.txt,Non-Sensitive
document_807_report.docx,docx,208937,C:/Atharva/document_807_report.docx,Non-Sensitive
document_524_report.xlsx,xlsx,258159,C:/Atharva/document_524_report.xlsx,Non-Sensitive
document_860_report.docx,docx,789013,C:/Atharva/document_860_report.docx,Non-Sensitive
document_714_report.xlsx,xlsx,256333,C:/Atharva/document_714_report.xlsx,Non-Sensitive
insurance_statement_2030_5.xlsx,xlsx,196398,C:/Atharva/insurance_statement_2030_5.xlsx,Sensitive
document_451_report.xlsx,xlsx,638936,C:/Atharva/document_451_report.xlsx,Non-Sensitive
insurance_statement_2028_11.txt,txt,883298,C:/Atharva/insurance_statement_2028_11.txt,Sensitive
document_498_report.docx,docx,145593,C:/Atharva/document_498_report.docx,Non-Sensitive
document_960_report.jpg,jpg,728185,C:/Atharva/document_960_report.jpg,Non-Sensitive
document_555_report.txt,txt,625760,C:/Atharva/document_555_report.txt,Non-Sensitive
document_733_report.docx,docx,211818,C:/Atharva/document_733_report.docx,Non-Sensitive
document_887_report.xlsx,xlsx,156526,C:/Atharva/document_887_report.xlsx,Non-Sensitive
bank_statement_2021_9.jpg,jpg,663040,C:/Atharva/bank_statement_2021_9.jpg,Sensitive
agreement_statement_2030_4.txt,txt,50546,C:/Atharva/agreement_statement_2030_4.txt,Sensitive
document_714_report.jpg,jpg,754328,C:/Atharva/document_714_report.jpg,Non-Sensitive
document_248_report.txt,txt,661443,C:/Atharva/document_248_report.txt,Non-Sensitive
document_588_report.txt,txt,839655,C:/Atharva/document_588_report.txt,Non-Sensitive
contract_statement_2028_2.xlsx,xlsx,561716,C:/Atharva/contract_statement_2028_2.xlsx,Sensitive
tax_statement_2022_12.jpg,jpg,14435,C:/Atharva/tax_statement_2022_12.jpg,Sensitive
document_96_report.jpg,jpg,274690,C:/Atharva/document_96_report.jpg,Non-Sensitive
agreement_statement_2024_10.jpg,jpg,641796,C:/Atharva/agreement_statement_2024_10.jpg,Sensitive
document_925_report.txt,txt,292441,C:/Atharva/document_925_report.txt,Non-Sensitive
document_663_report.pdf,pdf,954081,C:/Atharva/document_663_report.pdf,Non-Sensitive
document_153_report.txt,txt,639411,C:/Atharva/document_153_report.txt,Non-Sensitive
document_76_report.txt,txt,941554,C:/Atharva/document_76_report.txt,Non-Sensitive
agreement_statement_2021_2.txt,txt,567396,C:/Atharva/agreement_statement_2021_2.txt,Sensitive
document_838_report.xlsx,xlsx,153942,C:/Atharva/document_838_report.xlsx,Non-Sensitive
document_563_report.pdf,pdf,252911,C:/Atharva/document_563_report.pdf,Non-Sensitive
insurance_statement_2026_10.txt,txt,67068,C:/Atharva/insurance_statement_2026_10.txt,Sensitive
document_682_report.xlsx,xlsx,170162,C:/Atharva/document_682_report.xlsx,Non-Sensitive
document_393_report.pdf,pdf,279810,C:/Atharva/document_393_report.pdf,Non-Sensitive
tax_statement_2024_7.jpg,jpg,318612,C:/Atharva/tax_statement_2024_7.jpg,Sensitive
document_308_report.xlsx,xlsx,845416,C:/Atharva/document_308_report.xlsx,Non-Sensitive
document_325_report.txt,txt,831539,C:/Atharva/document_325_report.txt,Non-Sensitive
document_368_report.pdf,pdf,302014,C:/Atharva/document_368_report.pdf,Non-Sensitive
tax_statement_2025_11.txt,txt,677670,C:/Atharva/tax_statement_2025_11.txt,Sensitive
insurance_statement_2025_3.xlsx,xlsx,435550,C:/Atharva/insurance_statement_2025_3.xlsx,Sensitive
document_675_report.docx,docx,690620,C:/Atharva/document_675_report.docx,Non-Sensitive
tax_statement_2021_3.docx,docx,728333,C:/Atharva/tax_statement_2021_3.docx,Sensitive
document_635_report.jpg,jpg,544352,C:/Atharva/document_635_report.jpg,Non-Sensitive
document_506_report.pdf,pdf,139234,C:/Atharva/document_506_report.pdf,Non-Sensitive
document_974_report.xlsx,xlsx,532629,C:/Atharva/document_974_report.xlsx,Non-Sensitive
contract_statement_2025_3.jpg,jpg,709765,C:/Atharva/contract_statement_2025_3.jpg,Sensitive
document_595_report.jpg,jpg,716750,C:/Atharva/document_595_report.jpg,Non-Sensitive
tax_statement_2030_3.jpg,jpg,593062,C:/Atharva/tax_statement_2030_3.jpg,Sensitive
document_838_report.xlsx,xlsx,91004,C:/Atharva/document_838_report.xlsx,Non-Sensitive
document_776_report.docx,docx,408159,C:/Atharva/document_776_report.docx,Non-Sensitive
document_923_report.docx,docx,617929,C:/Atharva/document_923_report.docx,Non-Sensitive
payroll_statement_2025_4.docx,docx,544276,C:/Atharva/payroll_statement_2025_4.docx,Sensitive
document_547_report.txt,txt,939100,C:/Atharva/document_547_report.txt,Non-Sensitive
contract_statement_2030_9.xlsx,xlsx,349718,C:/Atharva/contract_statement_2030_9.xlsx,Sensitive
document_764_report.xlsx,xlsx,734624,C:/Atharva/document_764_report.xlsx,Non-Sensitive
document_43_report.pdf,pdf,416587,C:/Atharva/document_43_report.pdf,Non-Sensitive
document_318_report.pdf,pdf,391924,C:/Atharva/document_318_report.pdf,Non-Sensitive
contract_statement_2020_12.xlsx,xlsx,995147,C:/Atharva/contract_statement_2020_12.xlsx,Sensitive
document_493_report.pdf,pdf,646950,C:/Atharva/document_493_report.pdf,Non-Sensitive
document_78_report.txt,txt,932849,C:/Atharva/document_78_report.txt,Non-Sensitive
document_795_report.txt,txt,647450,C:/Atharva/document_795_report.txt,Non-Sensitive
agreement_statement_2029_5.jpg,jpg,546440,C:/Atharva/agreement_statement_2029_5.jpg,Sensitive
document_673_report.xlsx,xlsx,385308,C:/Atharva/document_673_report.xlsx,Non-Sensitive
document_64_report.pdf,pdf,714273,C:/Atharva/document_64_report.pdf,Non-Sensitive
aadhar_statement_2023_3.xlsx,xlsx,224476,C:/Atharva/aadhar_statement_2023_3.xlsx,Sensitive
bank_statement_2021_6.pdf,pdf,122813,C:/Atharva/bank_statement_2021_6.pdf,Sensitive
payroll_statement_2030_12.jpg,jpg,84447,C:/Atharva/payroll_statement_2030_12.jpg,Sensitive
document_237_report.jpg,jpg,281913,C:/Atharva/document_237_report.jpg,Non-Sensitive
aadhar_statement_2022_6.txt,txt,542523,C:/Atharva/aadhar_statement_2022_6.txt,Sensitive
insurance_statement_2022_8.jpg,jpg,506086,C:/Atharva/insurance_statement_2022_8.jpg,Sensitive
document_46_report.jpg,jpg,740059,C:/Atharva/document_46_report.jpg,Non-Sensitive
payroll_statement_2028_12.xlsx,xlsx,470656,C:/Atharva/payroll_statement_2028_12.xlsx,Sensitive
document_745_report.jpg,jpg,10206,C:/Atharva/document_745_report.jpg,Non-Sensitive
document_622_report.xlsx,xlsx,652548,C:/Atharva/document_622_report.xlsx,Non-Sensitive
document_223_report.txt,txt,944615,C:/Atharva/document_223_report.txt,Non-Sensitive
document_63_report.docx,docx,508177,C:/Atharva/document_63_report.docx,Non-Sensitive
aadhar_statement_2020_5.jpg,jpg,393556,C:/Atharva/aadhar_statement_2020_5.jpg,Sensitive
document_192_report.xlsx,xlsx,25075,C:/Atharva/document_192_report.xlsx,Non-Sensitive
document_380_report.txt,txt,236588,C:/Atharva/document_380_report.txt,Non-Sensitive
tax_statement_2027_7.pdf,pdf,976587,C:/Atharva/tax_statement_2027_7.pdf,Sensitive
document_810_report.xlsx,xlsx,116542,C:/Atharva/document_810_report.xlsx,Non-Sensitive
document_148_report.xlsx,xlsx,732650,C:/Atharva/document_148_report.xlsx,Non-Sensitive
document_955_report.txt,txt,288024,C:/Atharva/document_955_report.txt,Non-Sensitive
document_321_report.jpg,jpg,910915,C:/Atharva/document_321_report.jpg,Non-Sensitive
bank_statement_2030_9.pdf,pdf,260462,C:/Atharva/bank_statement_2030_9.pdf,Sensitive
document_391_report.pdf,pdf,854738,C:/Atharva/document_391_report.pdf,Non-Sensitive
document_590_report.xlsx,xlsx,157690,C:/Atharva/document_590_report.xlsx,Non-Sensitive
document_911_report.docx,docx,797787,C:/Atharva/document_911_report.docx,Non-Sensitive
bank_statement_2022_11.docx,docx,606932,C:/Atharva/bank_statement_2022_11.docx,Sensitive
document_166_report.pdf,pdf,269395,C:/Atharva/document_166_report.pdf,Non-Sensitive
document_698_report.xlsx,xlsx,546708,C:/Atharva/document_698_report.xlsx,Non-Sensitive
aadhar_statement_2024_9.xlsx,xlsx,216320,C:/Atharva/aadhar_statement_2024_9.xlsx,Sensitive
aadhar_statement_2027_10.pdf,pdf,76236,C:/Atharva/aadhar_statement_2027_10.pdf,Sensitive
document_375_report.jpg,jpg,997240,C:/Atharva/document_375_report.jpg,Non-Sensitive
insurance_statement_2028_2.jpg,jpg,152092,C:/Atharva/insurance_statement_2028_2.jpg,Sensitive
document_623_report.docx,docx,675247,C:/Atharva/document_623_report.docx,Non-Sensitive
contract_statement_2022_6.docx,docx,336078,C:/Atharva/contract_statement_2022_6.docx,Sensitive
document_267_report.jpg,jpg,433194,C:/Atharva/document_267_report.jpg,Non-Sensitive
document_20_report.docx,docx,535580,C:/Atharva/document_20_report.docx,Non-Sensitive
document_765_report.pdf,pdf,525705,C:/Atharva/document_765_report.pdf,Non-Sensitive
document_479_report.jpg,jpg,892406,C:/Atharva/document_479_report.jpg,Non-Sensitive
bank_statement_2028_6.jpg,jpg,967572,C:/Atharva/bank_statement_2028_6.jpg,Sensitive
